distance_threshold,num_colors_l1,num_colors_l2,num_colors_l3,num_nodes_loss,reduction_nodes,num_params_loss,reduction_pars_loss
0.0002,472,429,390,1291,0.8606666666666667,745047,0.8292027912877987
0.0004,440,418,377,1235,0.8233333333333334,691481,0.7695863151217015
0.0006,404,401,367,1172,0.7813333333333333,630759,0.7020055425092654
0.0008,373,379,354,1106,0.7373333333333333,572621,0.6373006421742663
0.001,341,354,326,1021,0.6806666666666666,507753,0.565105563655385
0.0012,307,324,318,949,0.6326666666666667,447327,0.4978542253285996
0.0014,283,305,298,886,0.5906666666666667,402953,0.44846801927635754
0.0016,259,288,287,834,0.556,364018,0.4051351682229469
0.0018,241,270,275,786,0.524,331810,0.3692891564924152
0.002,229,259,258,746,0.49733333333333335,309005,0.3439082480996316
0.0022,211,249,249,709,0.4726666666666667,283173,0.3151584289546026
0.0024,204,234,242,680,0.4533333333333333,267410,0.2976149402900357
0.0026,192,230,239,661,0.44066666666666665,252719,0.28126453795728484
0.0028,187,214,229,630,0.42,238562,0.2655084528831065
0.003,185,201,222,608,0.4053333333333333,229685,0.25562876317458905
0.0032,178,195,211,584,0.3893333333333333,218111,0.24274743742418003
0.0034,168,184,203,555,0.37,202571,0.2254521374275189
0.0036,166,175,193,534,0.356,195443,0.21751900368387664
0.0038,157,167,190,514,0.3426666666666667,183461,0.2041835928370302
0.004,148,159,186,493,0.32866666666666666,171501,0.190872666970874
0.0042,142,151,180,473,0.31533333333333335,162233,0.1805578123782707
0.0044,137,147,170,454,0.30266666666666664,154701,0.17217504535286196
0.0046,134,141,166,441,0.294,149467,0.16634984585591703
0.0048,132,136,158,426,0.284,144944,0.16131595641673438
0.005,130,130,156,416,0.2773333333333333,141086,0.15702218116659802
0.0052,127,127,153,407,0.2713333333333333,137075,0.15255812400529767
0.0054,125,123,149,397,0.26466666666666666,133599,0.14868949705623755
0.0056,121,121,145,387,0.258,128897,0.14345638891052964
0.0058,118,119,140,377,0.25133333333333335,125001,0.13912032142101924
0.006,116,114,135,365,0.24333333333333335,121283,0.13498235968436634
0.0062,114,110,129,353,0.23533333333333334,117759,0.13106031095925477
0.0064,112,109,125,346,0.23066666666666666,115247,0.12826457134589486
0.0066,109,106,118,333,0.222,111041,0.12358348821938543
0.0068,108,104,117,329,0.21933333333333332,109581,0.12195857586448676
0.007,105,101,115,321,0.214,106021,0.11799646080733658
0.0072,99,97,111,307,0.20466666666666666,99413,0.11064206297091853
0.0074,99,97,109,305,0.20333333333333334,99197,0.11040166497868693
0.0076,97,93,107,297,0.198,96397,0.10728539470901827
0.0078,97,90,106,293,0.19533333333333333,95681,0.10648851988291727
0.008,96,88,104,288,0.192,94202,0.10484246140833157
0.0082,94,85,103,282,0.188,91763,0.10212796741271661
0.0084,93,82,102,277,0.18466666666666667,90209,0.10039843741305049
0.0086,92,81,99,272,0.18133333333333335,88871,0.09890930540561596
0.0088,89,79,98,266,0.17733333333333334,85805,0.09549698946032877
0.009,89,76,98,263,0.17533333333333334,85241,0.09486928359172407
0.0092,89,75,98,262,0.17466666666666666,85053,0.09466004830218917
0.0094,88,73,95,256,0.17066666666666666,83567,0.0930061991519293
0.0096,87,70,91,248,0.16533333333333333,81836,0.09107967635307342
0.0098,86,69,89,244,0.16266666666666665,80643,0.08975192262746103
0.01,85,68,87,240,0.16,79456,0.08843084662385504
0.0102,81,67,85,233,0.15533333333333332,75719,0.0842717387675151
0.0104,81,65,85,231,0.154,75385,0.08390001224249034
0.0106,79,65,84,228,0.152,73609,0.08192340652858622
0.0108,78,65,81,224,0.14933333333333335,72531,0.08072364247476378
0.011,77,64,80,221,0.14733333333333334,71447,0.0795172006989349
0.0112,75,64,80,219,0.146,69749,0.0776274053711144
0.0114,73,63,78,214,0.14266666666666666,67749,0.07540149803563678
0.0116,71,63,77,211,0.14066666666666666,65979,0.07343157004373908
0.0118,71,60,76,207,0.138,65461,0.07285506004385038
0.012,71,60,75,206,0.13733333333333334,65390,0.07277604033344091
0.0122,68,60,72,200,0.13333333333333333,62642,0.06971764365449466
0.0124,67,58,71,196,0.13066666666666665,61448,0.06838877697521452
0.0126,66,57,69,192,0.128,60331,0.06714560772835027
0.0128,66,57,66,189,0.126,60127,0.06691856518013155
0.013,66,55,66,187,0.12466666666666666,59861,0.06662251950451303
0.0132,66,53,64,183,0.122,59467,0.06618401575942394
0.0134,64,52,63,179,0.11933333333333333,57599,0.06410501830808783
0.0136,64,50,62,176,0.11733333333333333,57282,0.06375221199541463
0.0138,64,49,61,174,0.116,57095,0.06354408965954747
0.014,64,49,60,173,0.11533333333333333,57035,0.06347731243948314
0.0142,64,48,59,171,0.114,56851,0.0632725289646192
0.0144,63,47,59,169,0.11266666666666666,55895,0.062208545258260896
0.0146,61,44,58,163,0.10866666666666666,53813,0.05989137572202869
0.0148,60,44,57,161,0.10733333333333334,52929,0.05890752467974758
0.015,58,43,56,157,0.10466666666666667,51101,0.056873045375121035
0.0152,56,43,56,155,0.10333333333333333,49445,0.05502999410134556
0.0154,55,42,54,151,0.10066666666666667,48399,0.05386584456489076
0.0156,54,40,53,147,0.098,47303,0.052646047345049025
0.0158,53,40,53,146,0.09733333333333333,46478,0.05172786056916451
0.016,53,39,51,143,0.09533333333333334,46271,0.05149747915994257
0.0162,53,38,49,140,0.09333333333333334,46068,0.051271549565391594
0.0164,53,38,48,139,0.09266666666666666,46019,0.05121701483567239
0.0166,51,38,46,135,0.09,44275,0.049276023639135906
0.0168,51,37,46,134,0.08933333333333333,44177,0.0491669541796975
0.017,51,37,46,134,0.08933333333333333,44177,0.0491669541796975
0.0172,49,37,46,132,0.088,42533,0.047337258349934894
0.0174,49,36,46,131,0.08733333333333333,42437,0.047230414797831966
0.0176,49,35,44,128,0.08533333333333333,42249,0.04702117950829707
0.0178,49,35,43,127,0.08466666666666667,42203,0.04696998363958108
0.018,49,35,43,127,0.08466666666666667,42203,0.04696998363958108
0.0182,49,34,43,126,0.084,42110,0.04686647894848137
0.0184,48,34,42,124,0.08266666666666667,41246,0.04590488697955504
0.0186,48,34,42,124,0.08266666666666667,41246,0.04590488697955504
0.0188,46,34,40,120,0.08,39518,0.043981703041702375
0.019,46,34,40,120,0.08,39518,0.043981703041702375
0.0192,46,34,39,119,0.07933333333333334,39473,0.04393162012665413
0.0194,45,34,39,118,0.07866666666666666,38654,0.04302011107277604
0.0196,45,34,38,117,0.078,38609,0.042970028157727796
0.0198,44,34,38,116,0.07733333333333334,37790,0.04205851910384971
0.02,44,33,37,114,0.076,37663,0.041917173988046875
