thr_fib_0,thr_fib_1,thr_fib_2,thr_opfib_0,thr_opfib_1,thr_opfib_2,num_nodes_coll,reduction_nodes,num_colors_l1,num_colors_l2,num_colors_l3,num_params_coll,reduction_pars_coll,num_L1_pruned,num_L2_pruned,num_L3_pruned,num_params_pruned,reduction_pars_pruned,num_L1_abl_0,num_L2_abl_0,num_L3_abl_0,num_params_abl_0,reduction_pars_abl_0,num_L1_abl_1,num_L2_abl_1,num_L3_abl_1,num_params_abl_1,reduction_pars_abl_1,num_L1_abl_2,num_L2_abl_2,num_L3_abl_2,num_params_abl_2,reduction_pars_abl_2,num_L1_abl_3,num_L2_abl_3,num_L3_abl_3,num_params_abl_3,reduction_pars_abl_3,num_L1_abl_4,num_L2_abl_4,num_L3_abl_4,num_params_abl_4,reduction_pars_abl_4,num_L1_abl_5,num_L2_abl_5,num_L3_abl_5,num_params_abl_5,reduction_pars_abl_5,num_L1_abl_6,num_L2_abl_6,num_L3_abl_6,num_params_abl_6,reduction_pars_abl_6,num_L1_abl_7,num_L2_abl_7,num_L3_abl_7,num_params_abl_7,reduction_pars_abl_7,num_L1_abl_8,num_L2_abl_8,num_L3_abl_8,num_params_abl_8,reduction_pars_abl_8,num_L1_abl_9,num_L2_abl_9,num_L3_abl_9,num_params_abl_9,reduction_pars_abl_9
0.0,0.0,0.0,1.0,1.0,1.0,1500,1.0,500,500,500,898510,1.0,500,500,500,898510,1.0,500,500,500,898510,1.0,500,500,500,898510,1.0,500,500,500,898510,1.0,500,500,500,898510,1.0,500,500,500,898510,1.0,500,500,500,898510,1.0,500,500,500,898510,1.0,500,500,500,898510,1.0,500,500,500,898510,1.0,500,500,500,898510,1.0
0.4500000178813934,0.6000000238418579,0.3499999940395355,1.0,1.0,1.0,1331,0.8873333333333333,495,352,484,738869,0.8223269635285083,444,444,444,748150,0.8326562865187922,436,445,450,741935,0.8257392794737956,441,448,442,747089,0.8314754426773213,447,438,446,747383,0.8318026510556366,438,440,453,741303,0.8250358927557846,445,452,434,751869,0.8367953612091129,438,445,448,743483,0.8274621317514552,448,440,443,749043,0.8336501541440829,442,447,442,747437,0.8318627505536944,438,445,448,743483,0.8274621317514552,448,450,433,753353,0.8384469844520372
0.4000000059604645,0.7000000476837158,0.2000000029802322,1.0,1.0,1.0,1218,0.812,499,233,486,626809,0.697609375521697,406,406,406,653264,0.7270525648017273,407,394,417,649142,0.7224649697833079,409,410,399,657154,0.7313819545692313,402,408,408,650956,0.7244838677365861,402,414,402,653272,0.7270614684310692,412,408,398,658696,0.7330981291248845,414,399,405,656635,0.7308043316156748,413,409,396,659861,0.7343947201478003,399,400,419,645434,0.7183381375833324,407,405,406,653641,0.7274721483344648,409,401,408,653581,0.7274053711144005
0.4500000178813934,0.75,0.2000000029802322,1.0,1.0,1.0,1125,0.75,495,176,454,560779,0.6241210448409032,375,375,375,580135,0.6456633760336558,364,370,391,569771,0.6341287242212107,378,374,373,582091,0.6478403134077528,373,379,373,580031,0.6455476288522108,371,366,388,573673,0.6384714694327275,384,381,360,589255,0.6558135134834336,364,380,381,573421,0.6381910051084574,359,380,386,569551,0.6338838744143082,376,375,374,580909,0.6465248021724855,384,371,370,585625,0.6517734916695418,378,371,376,580981,0.6466049348365628
0.550000011920929,0.7000000476837158,0.2000000029802322,1.0,1.0,1.0,1074,0.716,439,179,456,510025,0.5676341943884876,358,358,358,541664,0.6028469354820759,358,358,358,541664,0.6028469354820759,362,348,364,541180,0.6023082659068903,367,355,352,547577,0.6094278305194155,350,364,360,537524,0.5982393072976372,369,354,351,548770,0.6107555842450278,360,360,354,543904,0.6053399516978109,364,359,351,546655,0.6084016872377603,351,355,368,535193,0.595645012298138,354,356,364,537868,0.5986221633593394,348,357,369,533575,0.5938442532637366
0.0,0.8999999761581421,0.0,1.0,1.0,1.0,1056,0.704,500,56,500,454066,0.5053544200954915,352,352,352,528362,0.5880424257938142,355,347,354,528949,0.5886957295967769,361,360,335,538000,0.5987690732434808,343,355,358,522413,0.581421464424436,351,352,353,527588,0.5871809996549844,343,364,349,525356,0.5846968870685914,351,349,356,526553,0.5860290926088747,341,357,358,521533,0.5804420651968258,352,353,351,528703,0.5884219429945131,341,356,359,521200,0.5800714516254688,354,342,360,526390,0.5858476811610333
0.6499999761581421,0.6000000238418579,0.2000000029802322,1.0,1.0,1.0,938,0.6253333333333333,295,180,463,373298,0.41546337825956303,313,313,313,445409,0.4957195801938765,310,316,312,443660,0.4937730242290013,308,326,304,444972,0.4952332194410747,301,326,311,439554,0.4892032364692658,312,310,316,443396,0.4934792044607183,325,310,303,453458,0.5046777442655063,308,327,303,445247,0.49553928169970285,318,315,305,449555,0.5003338861003216,309,310,319,441074,0.4908949260442288,315,310,313,445718,0.4960634828772078,317,313,308,448181,0.4988046877608485
0.6499999761581421,0.6499999761581421,0.3000000119209289,1.0,1.0,1.0,779,0.5193333333333333,295,148,336,328817,0.36595808616487296,260,260,260,342430,0.3811087244438014,253,256,270,335729,0.3736508219162836,251,269,259,337353,0.37545825867269145,248,274,257,336161,0.3741316179007468,252,255,272,334697,0.3725022537311772,256,263,260,339801,0.37818276925131605,267,270,242,349967,0.3894970562375488,264,264,251,346235,0.38534351314954757,268,241,270,343259,0.38203136303435686,253,248,278,333609,0.3712913601406773,264,256,259,344243,0.38312650944341187
0.7000000476837158,0.550000011920929,0.3000000119209289,1.0,1.0,1.0,766,0.5106666666666667,218,174,374,278436,0.3098863674305239,255,255,255,333295,0.37094189268900735,259,260,247,337862,0.37602475208957054,247,268,251,330398,0.367717665913568,249,236,281,323882,0.3604656598145819,265,251,250,340301,0.3787392460851855,258,248,260,334112,0.37185117583554994,262,245,259,336419,0.3744187599470234,255,247,264,331529,0.3689764165117806,256,244,266,331508,0.3689530444847581,256,249,261,332823,0.37041657855783466,246,262,258,328268,0.36534707460128435
0.7000000476837158,0.6499999761581421,0.1500000059604644,1.0,1.0,1.0,774,0.516,218,108,448,248104,0.2761282567806702,258,258,258,338764,0.3770286362978709,267,257,250,345481,0.3845043460840725,272,263,239,350815,0.39044084094779136,243,265,266,328841,0.3659847970528987,251,252,271,331822,0.3693025119364281,255,264,255,337894,0.37606036660693815,253,269,252,337501,0.3756229758155168,240,253,281,323567,0.3601150794092442,269,250,255,345230,0.3842249947134701,241,265,268,327293,0.364261944775239,249,258,267,331798,0.36927580104840235
0.7000000476837158,0.75,0.1000000014901161,1.0,1.0,1.0,712,0.4746666666666667,218,52,442,210374,0.23413651489688483,237,237,237,301237,0.3352628240086365,246,235,231,307991,0.34277971308054445,238,248,226,304646,0.33905688306195814,246,237,229,308451,0.3432916717677043,250,238,224,311774,0.3469900168056004,245,233,234,306749,0.34139742462521283,239,243,230,304365,0.3387441430813235,221,249,242,291693,0.3246407942037373,247,229,236,307337,0.34205184138184325,245,229,238,305789,0.3403289891041836,240,244,228,305354,0.3398448542587172
0.7000000476837158,0.8500000238418579,0.050000000745058,1.0,1.0,1.0,688,0.45866666666666667,218,29,441,195131,0.21717176213954212,229,229,229,287405,0.31986844887647325,212,246,230,277938,0.30933211650398995,228,234,226,287946,0.32047055681071995,213,233,242,276125,0.3073143315043795,241,223,224,295577,0.32896350624923487,223,236,229,284492,0.3166264148423501,228,231,229,287307,0.31975937941703486,237,228,223,293616,0.32678100410679906,224,239,225,285875,0.31816562976483287,238,219,231,292311,0.3253285995703999,225,232,231,285200,0.3174143860391092
0.75,0.6499999761581421,0.1500000059604644,1.0,1.0,1.0,653,0.43533333333333335,146,72,435,161309,0.17952944318928002,218,218,218,268804,0.29916639770286363,224,215,214,272589,0.303378927335255,223,214,216,271601,0.3022793291115291,224,215,214,272589,0.303378927335255,198,227,228,254877,0.28366629197226517,216,220,217,267437,0.2976449900390647,209,216,228,261191,0.29069348143036805,207,215,231,259431,0.28873468297514776,218,228,207,270545,0.3011040500383969,219,209,225,267405,0.29760937552169703,203,227,223,258747,0.2879734226664144
0.75,0.75,0.1000000014901161,1.0,1.0,1.0,617,0.41133333333333333,146,42,429,143531,0.15974335288421943,206,206,206,249064,0.27719669230169947,206,206,205,248847,0.27695518135580016,206,211,200,249797,0.27801248734015205,216,199,202,255173,0.28399572625791586,208,207,202,250589,0.27889394664500117,204,216,197,249149,0.27729129336345726,198,199,220,241241,0.2684900557589788,198,208,211,243041,0.2704933723609086,192,211,214,238961,0.26595252139653425,201,198,218,243353,0.2708406139052431,205,200,212,246867,0.27475153309367734
0.800000011920929,0.6499999761581421,0.1000000014901161,1.0,1.0,1.0,645,0.43,109,58,478,124937,0.13904909238628396,215,215,215,263815,0.2936138718545147,231,211,203,275363,0.3064662608095625,218,212,215,265513,0.2955036671823352,210,222,213,261331,0.2908492949438515,225,221,199,272749,0.30355699992209323,216,216,213,264793,0.29470234054156325,206,234,205,260383,0.2897942148668351,193,253,199,253133,0.2817253007757287,214,220,211,264041,0.29386539938342365,228,197,220,269863,0.30034501563699906,217,199,229,261827,0.29140131996304997
0.800000011920929,0.75,0.1000000014901161,1.0,1.0,1.0,501,0.334,109,37,355,106685,0.11873546204271516,167,167,167,188887,0.21022247943818098,172,168,161,192913,0.21470323090449744,167,167,167,188887,0.21022247943818098,165,182,154,189469,0.210870218472805,175,159,167,193759,0.21564478970740447,155,175,171,180791,0.20121200654416757,152,162,187,176467,0.19639959488486494,166,169,166,188423,0.2097060689363502,163,172,166,186551,0.20762261967034312,163,177,161,187261,0.20841281677443768,153,174,174,179101,0.19933111484568897
0.800000011920929,0.800000011920929,0.1500000059604644,1.0,1.0,1.0,394,0.26266666666666666,109,32,253,99974,0.11126642997851999,131,131,131,138739,0.15441007890841504,140,120,134,144384,0.16069270236280064,122,145,127,133427,0.14849806902538648,141,132,121,146742,0.16331704711132874,133,133,128,140669,0.15655807948715095,135,130,129,141854,0.15787692958342145,138,131,125,144299,0.16059810130104285,131,129,134,138633,0.15429210581963473,121,127,146,130637,0.1453929282923952,133,144,117,141846,0.15786802595407953,116,156,122,129696,0.14434563889105295
0.8500000238418579,0.6000000238418579,0.2000000029802322,1.0,1.0,1.0,417,0.278,68,51,298,75385,0.08390001224249034,139,139,139,149435,0.1663142313385494,146,129,142,153463,0.1707972087122013,140,123,154,147889,0.16459360496822517,138,128,151,147121,0.16373885655140177,142,135,140,151225,0.16830641840380184,135,138,144,146209,0.16272384280642396,140,147,130,151177,0.1682529966277504,145,139,133,154079,0.17148278817152843,141,129,147,149593,0.1664900780180521,137,143,137,148387,0.1651478558947591,111,155,151,129571,0.1442065196825856
0.8500000238418579,0.4000000059604645,0.7000000476837158,1.0,1.0,1.0,258,0.172,68,128,62,70840,0.07884163782261744,86,86,86,83344,0.09275801048402355,85,82,91,82250,0.09154043917151729,82,94,82,80792,0.08991775272395411,85,88,85,82718,0.09206130148801905,84,74,100,80740,0.08985987913323168,82,99,77,81067,0.09022381498258228,93,76,89,87902,0.09783085330157705,93,87,78,88837,0.09887146498091284,85,90,83,82858,0.09221711500150248,72,85,101,72431,0.0806123471079899,90,82,86,86120,0.09584756986566649
0.8500000238418579,0.4500000178813934,0.75,1.0,1.0,1.0,211,0.14066666666666666,68,100,43,65063,0.07241210448409033,70,70,70,65600,0.07300976060366607,58,84,69,57051,0.06349511969816697,61,73,77,58889,0.0655407285394709,67,69,75,63297,0.07044662830686359,66,72,73,62703,0.06978553382822673,56,86,69,55565,0.06184127054790709,73,69,69,67941,0.07561518513984263,66,87,58,63333,0.07048669463890218,71,66,74,66195,0.07367196803597066,79,57,75,71685,0.07978208367185674,68,82,61,64721,0.07203147432972365
0.8500000238418579,0.6000000238418579,0.6000000238418579,1.0,1.0,1.0,166,0.11066666666666666,68,51,47,59823,0.06658022726513896,55,55,55,49895,0.055530823251828024,71,51,44,62145,0.06916450568162848,59,53,54,52961,0.058943139197115225,53,42,71,47646,0.05302779045308344,60,50,56,53576,0.059627605702774596,56,45,65,50175,0.05584245027879489,57,59,50,51677,0.05751410668773859,53,63,50,48717,0.054219763831231706,56,53,57,50639,0.0563588607806257,49,53,64,45221,0.05032887780881682,54,56,56,49232,0.054792934970117196
0.8999999761581421,0.3000000119209289,0.800000011920929,1.0,1.0,1.0,237,0.158,43,147,47,47659,0.053042258850764044,79,79,79,75455,0.08397791899923206,73,75,89,70519,0.07848437969527329,76,79,82,73133,0.08139364058274254,70,96,71,69373,0.0772089347920446,76,77,84,72991,0.08123560116192363,77,84,76,74227,0.0826112118952488,87,80,70,81715,0.09094500895927703,87,79,71,81647,0.09086932810987079,68,87,82,67429,0.07504535286196036,77,73,87,73457,0.08175423757108992,68,81,88,67075,0.07465136726358082
0.8999999761581421,0.3499999940395355,0.800000011920929,1.0,1.0,1.0,194,0.12933333333333333,43,122,29,42990,0.04784587817609153,65,65,65,60265,0.06707215278627951,71,58,65,64406,0.07168089392438592,66,65,63,60963,0.0678489944463612,61,72,61,57422,0.06390802550889807,66,66,62,61016,0.06790798099075135,71,63,60,64721,0.07203147432972365,64,74,56,59820,0.06657688840413574,63,64,67,58586,0.06520350357814604,70,67,57,64163,0.07141044618312539,69,65,60,63285,0.07043327286285071,68,69,57,62711,0.06979443745756864
0.949999988079071,0.050000000745058,1.0,1.0,1.0,1.0,432,0.288,20,398,14,29794,0.033159341576610164,144,144,144,156250,0.17389901058418938,129,143,160,144505,0.16082736975659703,141,153,138,155053,0.17256680504390604,143,140,149,154924,0.1724232340207677,143,143,146,155341,0.1728873357002148,148,143,141,159211,0.177194466394364,140,158,134,154834,0.17232306819067122,143,148,141,155996,0.17361632035258373,146,134,152,156358,0.17401920958030517,138,149,145,152251,0.16944830886690188,134,152,146,149518,0.1664066064929717
0.949999988079071,0.1500000059604644,0.949999988079071,1.0,1.0,1.0,244,0.16266666666666665,20,210,14,23214,0.025836106442888782,81,81,81,77689,0.08646425749296056,84,80,80,80030,0.08906968202913712,81,83,80,77921,0.08672246274387597,77,81,86,74685,0.08312094467507318,78,78,88,75234,0.08373195623866178,87,70,87,81512,0.09071907936472605,87,68,89,81320,0.09050539226052019,89,75,80,83505,0.0929371960245295,78,80,86,75386,0.08390112519615808,74,89,81,72875,0.08110649853646593,85,74,85,80324,0.08939689040745234
0.949999988079071,0.3499999940395355,0.7000000476837158,1.0,1.0,1.0,143,0.09533333333333334,20,86,37,21105,0.02348888715762763,48,48,48,42874,0.047716775550633826,59,41,43,51021,0.056784009081701926,48,47,48,42777,0.047608819044863165,50,46,47,44285,0.04928715317581329,53,46,44,46607,0.051871431592302814,50,40,53,44003,0.04897330024151095,51,40,52,44777,0.04983472638034079,47,54,42,42227,0.04699669452760682,46,45,52,41147,0.0457947045664489,52,49,42,45947,0.0511368821715952,43,55,45,39155,0.043577700860313186
1.0,0.0,1.0,1.0,1.0,1.0,520,0.3466666666666667,6,500,14,15374,0.017110549687816497,173,173,173,197749,0.22008547484168234,180,187,153,205451,0.22865744399060667,191,165,164,210489,0.23426450456867481,163,176,181,190676,0.21221355354976573,168,183,169,195603,0.21769707627071486,180,170,170,202850,0.22576265150081803,172,179,169,198107,0.22048391225473282,177,159,184,198537,0.22096248233186053,181,160,179,201824,0.224620761037718,171,158,191,193700,0.21557912544100788,188,158,174,206858,0.23022336980111519
1.0,0.050000000745058,0.949999988079071,1.0,1.0,1.0,180,0.12,6,157,17,8675,0.009654873067634195,60,60,60,55030,0.061245840335666824,64,55,61,57851,0.06438548263235802,60,63,57,55171,0.061402766802818,59,58,63,54152,0.06026866701539215,54,61,65,50435,0.05613181823240698,63,55,62,57077,0.06352405649352817,57,60,63,52708,0.058661561919177305,54,74,52,50890,0.05663821215122814,67,52,61,59984,0.0667594128056449,52,58,70,48734,0.054238684043583264,72,55,53,64043,0.07127689174299674
1.0,0.050000000745058,1.0,1.0,1.0,1.0,174,0.116,6,157,11,7667,0.008533015770553471,58,58,58,52964,0.05894647805811844,59,62,53,53914,0.06000378404247031,66,54,54,58948,0.0656063928058675,53,74,47,49606,0.05520917964185151,57,53,64,51925,0.057790119197337814,58,48,68,52384,0.05830096493082993,67,54,53,59722,0.06646781894469733,63,69,42,57241,0.06370658089503733,61,68,45,55666,0.06195367886834871,56,59,59,51463,0.057275934602842485,55,56,63,50542,0.05625090427485504
1.0,0.1000000014901161,0.949999988079071,1.0,1.0,1.0,107,0.07133333333333333,6,90,11,6461,0.007190793647260465,36,36,36,31294,0.034828772078218384,40,28,39,34079,0.03792834804287098,42,31,34,35741,0.03977807703865288,36,33,38,31163,0.0346829751477446,33,35,39,28899,0.032163248043983926,41,32,34,35001,0.03895449132452616,46,29,32,38763,0.04314142302255957,39,32,36,33453,0.03723163904686648,39,32,36,33453,0.03723163904686648,41,34,32,35063,0.03902349445192597,31,37,39,27401,0.03049604344971119
1.0,0.1500000059604644,0.949999988079071,1.0,1.0,1.0,82,0.05466666666666667,6,65,11,6011,0.0066899644967779994,27,27,27,22987,0.025583465960312073,23,30,29,19974,0.022230136559415033,26,28,28,22268,0.024783252273207865,24,19,39,20495,0.022809985420306954,23,31,28,19985,0.022242379049760157,27,34,21,23102,0.025711455632102035,25,30,27,21522,0.023952988837074713,29,27,26,24573,0.02734861047734583,31,25,26,26081,0.029026944608295958,26,28,28,22268,0.024783252273207865,24,20,38,20528,0.022846712891342335
0.0,0.0,0.0,0.7,0.7,0.7,1500,1.0,500,500,500,898510,1.0,500,500,500,898510,1.0,500,500,500,898510,1.0,500,500,500,898510,1.0,500,500,500,898510,1.0,500,500,500,898510,1.0,500,500,500,898510,1.0,500,500,500,898510,1.0,500,500,500,898510,1.0,500,500,500,898510,1.0,500,500,500,898510,1.0,500,500,500,898510,1.0
0.4000000059604645,0.6000000238418579,0.550000011920929,0.7,0.7,0.7,1265,0.8433333333333334,499,385,381,735101,0.8181333541084684,422,422,422,692512,0.7707337703531402,421,417,427,689225,0.7670754916472827,424,418,423,691967,0.7701272106042225,424,411,430,688985,0.7668083827670255,424,422,419,693627,0.771974713692669,428,420,417,695897,0.7745011185184361,415,429,421,689489,0.7673693114155657,422,423,420,692489,0.7707081724187822,422,419,424,690837,0.7688695729596777,408,427,430,683273,0.7604511914169013,429,423,413,697907,0.7767381553905911
0.4500000178813934,0.7000000476837158,0.3499999940395355,0.7,0.7,0.7,1149,0.766,496,258,395,623851,0.6943172585725256,383,383,383,598639,0.6662574707014947,393,382,374,606005,0.6744554874180588,389,386,374,604393,0.6726614061056638,384,380,385,598285,0.6658634851031151,376,379,394,591713,0.6585491535987357,383,394,372,602621,0.6706892522064306,388,382,379,602135,0.6701483567239096,383,383,383,598639,0.6662574707014947,388,373,388,598679,0.6663019888482042,392,363,394,597745,0.6652624901225362,383,383,383,598639,0.6662574707014947
0.4000000059604645,0.800000011920929,0.25,0.7,0.7,0.7,1092,0.728,499,193,400,569825,0.6341888237192685,364,364,364,555110,0.6178117104984919,361,356,375,549892,0.6120043182602308,355,374,363,551584,0.6138874358660449,368,362,362,557494,0.6204649920423813,367,361,364,556361,0.6192040155368332,355,374,363,551584,0.6138874358660449,349,359,384,541705,0.6028925665824532,358,374,360,553906,0.6164717142825344,362,360,370,552130,0.6144951085686303,379,365,348,567073,0.6311259752256514,359,374,359,554680,0.6173331404213642
0.4500000178813934,0.8999999761581421,0.2000000029802322,0.7,0.7,0.7,964,0.6426666666666667,496,131,337,502331,0.5590711288689052,321,321,321,461929,0.5141055747849217,317,320,327,458852,0.5106810163492894,300,329,335,448439,0.49909182980712513,322,317,325,461771,0.5139297281054189,319,336,309,465168,0.5177104317147277,318,319,327,459311,0.5111918620827814,312,316,336,453710,0.5049582085897764,315,320,329,457304,0.5089581640716297,315,306,343,452712,0.503847480829373,322,312,330,460146,0.5121211783953434,322,321,321,463035,0.5153365015414408
0.6499999761581421,0.6000000238418579,0.25,0.7,0.7,0.7,994,0.6626666666666666,327,231,436,437985,0.4874570121645836,331,331,331,482939,0.5374887313441141,319,351,324,480033,0.5342544879856651,347,331,316,495665,0.5516521797197582,341,322,331,488042,0.5431681339105853,341,324,329,488718,0.5439204905899767,338,315,341,483291,0.5378804910351582,325,345,324,482949,0.5374998608807915,333,334,327,485786,0.5406573104361665,326,334,334,480368,0.5346273274643577,332,325,337,482087,0.5365404948192006,326,325,343,477443,0.5313719379862216
0.6499999761581421,0.7000000476837158,0.25,0.7,0.7,0.7,879,0.586,327,171,381,382135,0.42529854982137094,293,293,293,405229,0.45100110182413106,293,309,277,409501,0.4557556398927113,296,296,287,408391,0.4545202613215212,289,292,298,401849,0.4472393184271739,298,293,288,409099,0.4553082325182803,292,297,290,405571,0.45138173197849774,286,300,293,401743,0.44712134533839354,292,282,305,401221,0.4465403835238339,296,282,301,404317,0.44998608807915325,294,303,282,408733,0.45490089147588786,287,290,302,399727,0.44487763074423214
0.6499999761581421,0.800000011920929,0.2000000029802322,0.7,0.7,0.7,823,0.5486666666666666,327,122,374,346463,0.385597266585792,274,274,274,368540,0.4101679447084618,248,280,295,350255,0.3898175868938576,282,279,262,376317,0.41882338538246655,279,273,271,372429,0.41449622152229804,266,277,280,363419,0.4044685089759713,287,273,263,378621,0.42138763063293677,253,277,293,353357,0.3932699691711834,266,285,272,365427,0.40670331994079084,281,258,284,369747,0.4115112797854225,292,268,263,381131,0.42418114433896115,269,280,274,366509,0.40790753580928424
0.7000000476837158,0.75,0.25,0.7,0.7,0.7,723,0.482,272,129,322,293827,0.32701583733069195,241,241,241,308249,0.34306685512682106,239,231,253,304291,0.33866178450991086,245,235,243,309923,0.34492993956661583,252,241,230,316763,0.3525425426539493,226,256,241,299879,0.3337514329278472,235,235,253,302183,0.3363156781783174,237,242,244,305383,0.3398771299150816,227,244,252,298097,0.33176814949193667,242,248,233,310591,0.34567339261666535,239,242,242,306931,0.3415999821927413,250,233,240,313303,0.34869172296357304
0.7000000476837158,0.8500000238418579,0.1500000059604644,0.7,0.7,0.7,723,0.482,272,100,351,279791,0.31139441965030995,241,241,241,308249,0.34306685512682106,237,244,242,305837,0.3403824108802351,251,223,249,311507,0.3466928581763141,240,258,225,311113,0.34625435443122504,233,252,238,304477,0.3388687938921103,245,249,229,313129,0.3484980690253865,237,262,224,309563,0.34452927624622987,245,242,236,311575,0.34676853902572036,249,246,228,315571,0.35121590188200463,246,233,244,310207,0.34524601840825364,252,216,255,310363,0.3454196391804209
0.75,0.800000011920929,0.1500000059604644,0.7,0.7,0.7,687,0.458,218,95,374,231589,0.2577478269579637,229,229,229,287405,0.31986844887647325,236,228,223,292603,0.3256535820413796,229,232,226,288053,0.32058964285316804,217,237,233,279805,0.3114100010016583,217,253,217,282797,0.3147399583755328,242,221,224,295651,0.3290458648206475,230,215,242,284917,0.3170994201511391,212,240,235,276535,0.3077706425081524,223,233,231,283621,0.3156570321977496,234,221,232,289459,0.3221544557100088,238,216,233,291355,0.3242646158640416
0.800000011920929,0.7000000476837158,0.25,0.7,0.7,0.7,584,0.3893333333333333,180,112,292,197498,0.2198061234710799,195,195,195,231475,0.2576209502398415,194,193,197,230123,0.25611623688105867,194,179,211,227295,0.2529688039086933,185,191,208,222777,0.24794047923784931,184,204,196,224330,0.2496688962838477,200,194,190,234954,0.2614929160499048,195,194,195,231084,0.25718578535575565,204,197,183,238599,0.26554963216881283,197,198,189,233360,0.25971886790352916,188,183,213,223499,0.24874403178595675,189,191,204,225873,0.2513861837931687
0.800000011920929,0.800000011920929,0.2000000029802322,0.7,0.7,0.7,588,0.392,180,101,307,193975,0.21588518769963608,196,196,196,233054,0.2593783040812011,200,188,200,234598,0.2610967045441898,197,192,199,233068,0.25939388543254943,193,195,200,230545,0.2565859033288444,199,179,210,231925,0.258121779390324,196,200,192,233782,0.26018853435131495,194,189,205,230155,0.2561518513984263,190,189,209,227059,0.25270614684310694,188,204,196,228286,0.25407174099342245,191,202,195,230264,0.2562731633482098,195,199,194,232829,0.2591278895059599
0.800000011920929,0.949999988079071,0.1500000059604644,0.7,0.7,0.7,502,0.33466666666666667,180,65,257,172607,0.19210359372739313,167,167,167,188887,0.21022247943818098,166,173,163,189203,0.21057417279718646,167,172,163,189830,0.21127199474685868,175,166,161,195098,0.21713503466850675,166,160,176,187136,0.20827369756597033,181,160,161,198746,0.22119508964841794,171,170,161,192626,0.2143838132018564,163,177,162,187449,0.20862205206397258,174,175,153,195683,0.21778611256413397,161,168,173,184578,0.20542676208389446,153,183,166,180501,0.20088924998052332
0.800000011920929,0.949999988079071,0.3499999940395355,0.7,0.7,0.7,406,0.27066666666666667,180,65,161,165311,0.18398348376757076,135,135,135,144055,0.16032654060611456,139,142,125,148130,0.16486182680215022,148,138,120,154632,0.17209825154978797,139,139,128,147785,0.16447785778678034,144,132,130,150780,0.16781115402165808,129,144,133,140610,0.15649241522075436,132,134,140,141752,0.15776340830931207,127,131,148,137489,0.15301888682374154,142,129,135,148827,0.16563755550856418,130,148,128,141800,0.15781683008536354,138,134,134,146396,0.16293196514229114
0.8500000238418579,0.8999999761581421,0.2000000029802322,0.7,0.7,0.7,460,0.30666666666666664,135,77,248,138281,0.15390034612859066,153,153,153,168769,0.18783207755061157,141,162,157,160860,0.1790297269924653,152,165,143,169743,0.18891609442298918,154,151,155,169415,0.18855104561997085,152,144,164,166782,0.18562063861281455,148,160,152,166022,0.18477479382533304,160,157,143,174911,0.19466783897786336,158,154,148,172946,0.19248088502075658,143,155,162,161477,0.17971641940546015,154,148,158,168962,0.18804687760848515,136,156,168,156198,0.17384113699346695
0.8500000238418579,0.8500000238418579,0.5,0.7,0.7,0.7,361,0.24066666666666667,135,84,142,130899,0.14568452215334277,120,120,120,124450,0.13850708395009514,118,121,122,123143,0.13705245350636053,129,132,100,132735,0.1477279050873112,101,127,133,110603,0.12309601451291582,116,129,116,122403,0.1362288677922338,124,117,120,127335,0.14171795528152162,119,129,113,124725,0.13881314620872334,108,132,121,116481,0.12963795617188456,124,121,116,127787,0.14222101033933957,124,119,118,127565,0.14197393462510155,128,114,119,130071,0.14476299651645502
0.8500000238418579,0.8999999761581421,0.6499999761581421,0.7,0.7,0.7,320,0.21333333333333335,135,77,108,125961,0.1401887569420485,107,107,107,108187,0.12040711845165886,112,111,97,112307,0.12499248756274277,95,118,107,99716,0.11097928793224338,100,106,114,102554,0.11413785044128613,108,98,114,107898,0.12008547484168235,96,111,113,99923,0.11120966934146531,103,114,103,105596,0.11752345549854759,105,106,109,106424,0.11844498113543533,104,96,120,104570,0.11638156503544757,116,107,97,115035,0.12802862516833424,116,99,105,114203,0.12710264771677554
0.8999999761581421,0.6499999761581421,0.6000000238418579,0.7,0.7,0.7,350,0.23333333333333334,102,111,137,108227,0.12045163659836841,117,117,117,120637,0.13426339161500705,124,112,114,125372,0.13953322723175035,117,121,112,120917,0.13457501864197394,107,120,123,113078,0.12585057484056938,120,118,112,122936,0.1368220720971386,126,110,114,126684,0.14099342244382365,122,116,112,124272,0.13830897819723764,103,122,125,110178,0.12262300920412683,113,130,107,118622,0.13202078997451336,126,110,114,126684,0.14099342244382365,127,105,118,126833,0.14115925254031675
0.8999999761581421,0.949999988079071,0.4000000059604645,0.7,0.7,0.7,337,0.22466666666666665,102,73,162,101207,0.11263870185084195,112,112,112,114362,0.12727960734994603,122,112,103,122225,0.1360307620393763,104,120,113,109053,0.12137093632792068,121,94,122,119273,0.13274532281221132,103,118,116,108101,0.12031140443623332,120,99,118,119169,0.1326295756307665,113,111,113,115155,0.1281621796084629,117,116,104,118751,0.13216436099765166,117,105,115,117585,0.1308666570210682,109,117,111,112653,0.1253775695317804,116,104,117,116693,0.12987390234944518
0.949999988079071,0.4500000178813934,0.8500000238418579,0.7,0.7,0.7,297,0.198,74,143,80,81145,0.09031062536866591,99,99,99,98515,0.10964263057728907,92,99,106,93097,0.10361264760548018,98,95,104,97369,0.1083671856740604,107,101,89,104881,0.11672769362611435,103,94,100,101141,0.11256524690877119,94,95,108,94273,0.10492148111874103,110,91,96,106253,0.118254666058252,115,95,87,110527,0.12301143003416767,84,100,113,86993,0.09681917841760247,99,89,109,97525,0.10854080644622764,109,89,99,105265,0.11715506783452605
0.949999988079071,0.550000011920929,0.8999999761581421,0.7,0.7,0.7,287,0.19133333333333333,74,125,88,79443,0.08841637822617444,96,96,96,94954,0.10567940256647115,89,85,113,88373,0.09835505447908204,96,87,104,94001,0.10461875772111608,103,97,87,100349,0.11168378760392204,100,88,99,97199,0.1081779835505448,90,96,101,90203,0.10039175969104407,83,100,104,85109,0.09472237370758255,90,95,102,90117,0.10029604567561852,101,92,94,98361,0.10947123571245729,95,92,100,93717,0.10430267887947825,98,100,89,96719,0.10764376579003015
0.949999988079071,0.8999999761581421,0.550000011920929,0.7,0.7,0.7,233,0.15533333333333332,74,63,96,69929,0.07782773703130738,78,78,78,74344,0.08274142747437424,81,70,82,75977,0.08455888081379172,81,86,66,77049,0.08575196714560773,75,72,86,71495,0.07957062247498636,75,82,76,72185,0.08033856050572614,67,86,80,66213,0.07369200120198996,78,66,89,73307,0.0815872945209291,95,73,65,87053,0.0968859556376668,83,82,68,78377,0.08722996961636487,73,79,81,70451,0.07840869884586704,78,77,78,74187,0.08256669374853925
1.0,0.2000000029802322,0.949999988079071,0.7,0.7,0.7,248,0.16533333333333333,35,135,78,43733,0.04867280275122147,83,83,83,79939,0.08896840324537289,89,77,82,84021,0.09351148011708273,79,92,77,77316,0.08604912577489399,78,83,87,75975,0.08455665490645624,84,86,78,80826,0.08995559314865723,76,85,87,74567,0.08298961614228,84,96,68,81386,0.09057884720259096,79,91,78,77261,0.08598791332316835,89,80,79,84264,0.09378192785834326,93,73,82,86765,0.09656542498135802,83,90,75,80300,0.0893701795194266
1.0,0.4000000059604645,0.75,0.7,0.7,0.7,228,0.152,35,96,97,41320,0.04598724555096771,76,76,76,72134,0.08028179986867147,69,86,73,67276,0.07487507095079632,84,74,70,78190,0.08702184728049771,72,74,82,68902,0.07668473361453963,72,77,79,69103,0.07690843730175513,83,76,69,77552,0.08631178284048036,84,71,73,77971,0.08677811042726291,74,74,80,70450,0.0784075858921993,90,79,59,83159,0.09255211405549187,68,74,86,65806,0.07323902905922026,77,69,82,72397,0.08057450668328678
1.0,0.4500000178813934,0.949999988079071,0.7,0.7,0.7,194,0.12933333333333333,35,91,68,37697,0.04195501441275,65,65,65,60265,0.06707215278627951,67,72,55,62066,0.06907658234187711,71,65,58,64833,0.0721561251405104,62,78,54,58400,0.06499649419594662,51,76,67,49826,0.05545402944875405,69,64,61,63230,0.07037206041112508,70,63,61,63947,0.07117004819089381,52,73,69,50495,0.056198595452471314,56,64,74,53168,0.05917352060633716,62,64,68,57812,0.0643420774393162,74,63,57,67043,0.07461575274621318
1.0,0.8999999761581421,0.6499999761581421,0.7,0.7,0.7,183,0.122,35,65,83,36133,0.0402143548764065,61,61,61,56069,0.062402199196447454,58,63,62,53845,0.059926990239396336,66,65,52,60127,0.06691856518013155,65,53,65,58693,0.06532258962059409,60,64,59,55439,0.061701038385772,61,63,59,56167,0.06251126865588585,57,69,57,53317,0.059339350702830244,62,65,56,57031,0.0634728606248122,64,58,61,58229,0.06480617911876328,59,57,67,54301,0.060434497111885234,58,45,80,52675,0.05862483444814193
1.0,0.8999999761581421,0.949999988079071,0.7,0.7,0.7,169,0.11266666666666666,35,65,69,35069,0.0390301721739324,56,56,56,50914,0.05666492303925388,52,65,52,48227,0.05367441653403969,64,45,60,56535,0.06292083560561373,53,62,54,48905,0.054428999120766604,61,48,60,54411,0.0605569220153365,59,56,54,53303,0.0593237693514819,58,56,55,52529,0.058462343212652056,46,61,62,43451,0.04835894981691912,57,60,52,51927,0.05779234510467329,59,57,53,53349,0.05937496522019788,61,61,47,55061,0.06128034189936673
1.0,0.8999999761581421,0.949999988079071,0.7,0.7,0.7,169,0.11266666666666666,35,65,69,35069,0.0390301721739324,56,56,56,50914,0.05666492303925388,52,53,64,47735,0.053126843329512195,63,48,58,55959,0.062279774292996186,55,55,59,50159,0.05582464302011107,62,57,50,55671,0.0619592436366874,49,58,62,45653,0.05080967379327998,62,57,50,55671,0.0619592436366874,51,64,54,47423,0.05277960178517768,61,55,53,54803,0.06099319985309012,52,57,60,47931,0.053344982248389,52,63,54,48165,0.05360541340663988
1.0,0.8999999761581421,0.949999988079071,0.7,0.7,0.7,169,0.11266666666666666,35,65,69,35069,0.0390301721739324,56,56,56,50914,0.05666492303925388,59,52,58,53099,0.05909672680326318,56,51,62,50721,0.05645012298138029,58,58,53,52619,0.05856250904274855,52,59,58,48017,0.053440696263814536,49,58,62,45653,0.05080967379327998,55,52,62,50003,0.05565102224794382,62,61,46,55835,0.06214176803819657,61,56,52,54851,0.06104662162914158,60,57,52,54123,0.060236391359027724,56,56,57,50981,0.05673949093499238
1.0,0.8999999761581421,0.949999988079071,0.7,0.7,0.7,169,0.11266666666666666,35,65,69,35069,0.0390301721739324,56,56,56,50914,0.05666492303925388,59,59,51,53435,0.05947067923562342,55,50,64,49889,0.05552414552982159,59,57,53,53349,0.05937496522019788,63,51,55,56139,0.06248010595318917,57,55,57,51707,0.05754749529777076,59,49,61,52925,0.05890307286507663,66,45,58,58083,0.06464368788327342,50,55,64,46289,0.05151751232596187,53,60,56,48831,0.05434664054935393,62,52,55,55421,0.0616810052197527
0.0,0.0,0.0,0.5,0.5,0.5,1500,1.0,500,500,500,898510,1.0,500,500,500,898510,1.0,500,500,500,898510,1.0,500,500,500,898510,1.0,500,500,500,898510,1.0,500,500,500,898510,1.0,500,500,500,898510,1.0,500,500,500,898510,1.0,500,500,500,898510,1.0,500,500,500,898510,1.0,500,500,500,898510,1.0,500,500,500,898510,1.0
0.4000000059604645,0.6499999761581421,0.4500000178813934,0.5,0.5,0.5,1270,0.8466666666666667,499,363,408,725817,0.8078006922571813,423,423,423,694999,0.7735016861248066,427,420,423,697278,0.7760381075335834,422,415,433,691283,0.7693659502954892,420,432,418,696756,0.7754571457190237,417,432,421,694434,0.7728728673025342,430,420,420,699600,0.7786223859500729,424,421,425,695375,0.7739201567038764,424,420,426,694956,0.7734538291170938,438,424,408,707456,0.787365749963829,426,417,427,695235,0.773764343190393,418,419,433,689891,0.7678167187899968
0.0,0.8999999761581421,0.3499999940395355,0.5,0.5,0.5,1083,0.722,500,264,319,612499,0.6816830085363547,361,361,361,548369,0.6103092898242646,359,358,366,545759,0.6074044807514664,352,363,368,542101,0.6033332962348777,342,366,375,535393,0.5958676030316858,357,369,357,548017,0.6099175301332206,360,369,354,550339,0.61250180854971,349,369,365,541825,0.6030261210225818,377,354,352,558247,0.6213030461541886,345,378,360,541663,0.6028458225284081,371,352,360,552869,0.6153175813290893,364,357,362,549271,0.611313174032565
0.550000011920929,0.949999988079071,0.3000000119209289,0.5,0.5,0.5,971,0.6473333333333333,461,239,271,540063,0.601065096660026,324,324,324,468190,0.5210737776986344,334,310,327,471017,0.524220097717332,333,319,319,473231,0.5266841771377058,317,323,331,462123,0.514321487796463,327,326,318,470799,0.5239774738177649,333,322,316,474191,0.527752612658735,335,310,326,471791,0.5250815238561619,326,320,325,468135,0.5210125652469088,330,320,321,471231,0.5244582698022281,322,320,329,465039,0.5175668606915894,304,321,346,451427,0.5024173353663287
0.6499999761581421,0.8500000238418579,0.550000011920929,0.5,0.5,0.5,928,0.6186666666666667,403,267,258,495957,0.551977162190738,309,309,309,437245,0.4866334264504569,314,314,300,442910,0.49293830897819724,310,313,305,439523,0.4891687349055659,305,311,312,435065,0.48420718745478625,307,299,322,432917,0.4818165629764833,311,313,304,440297,0.49003016104439573,318,318,292,447150,0.4976572325294098,309,313,306,438749,0.48830730876673606,295,315,318,428493,0.47689285595040676,315,304,309,440684,0.4904608741138106,293,315,320,426945,0.4751700036727471
0.75,0.800000011920929,0.4000000059604645,0.5,0.5,0.5,889,0.5926666666666667,350,263,276,442697,0.4927012498469689,296,296,296,411154,0.45759535230548354,296,293,300,410591,0.4569687593905466,300,288,301,412197,0.4587561629809351,290,319,280,412889,0.45952632691901035,283,302,304,403085,0.44861492916049905,291,296,302,407591,0.45362989838733014,301,293,295,414461,0.46127589008469577,270,299,320,392189,0.43648818599681694,298,294,297,412431,0.459016594139186,280,307,302,402113,0.4475331381954569,300,287,302,411893,0.45841782506594253
0.75,1.0,0.6000000238418579,0.5,0.5,0.5,806,0.5373333333333333,350,239,217,412899,0.4595374564556878,269,269,269,359125,0.3996894859267009,267,276,263,359054,0.3996104662162914,251,277,278,346913,0.3860980957362745,258,274,274,351596,0.3913100577622954,266,276,264,358280,0.3987490400774616,272,259,275,358487,0.3989794214866835,274,265,267,361667,0.40251861415009293,256,282,268,351968,0.3917240765266942,262,271,273,353939,0.3939177082058074,285,261,260,369101,0.4107923117160633,264,271,271,355487,0.3956405604834671
0.800000011920929,0.949999988079071,0.8500000238418579,0.5,0.5,0.5,770,0.5133333333333333,330,247,193,390611,0.4347319451091251,257,257,257,336937,0.3749952699469121,256,249,265,333863,0.371574050372283,250,253,267,330251,0.3675540617244104,273,259,238,349541,0.3890229379750921,243,258,269,326078,0.36290970606893636,260,255,255,338495,0.37672925176124916,267,248,255,342114,0.3807570310847959,264,259,247,342575,0.3812701027256235,244,280,246,331736,0.3692067979210025,253,258,259,333818,0.37152396745723476,255,265,250,337025,0.37509320986967315
0.800000011920929,1.0,1.0,0.5,0.5,0.5,742,0.49466666666666664,330,247,165,383387,0.4266919678133799,247,247,247,318887,0.35490645624422656,238,249,255,312651,0.34796607717220734,236,253,253,312023,0.34726714226886735,235,259,248,312569,0.34787481497145273,241,241,260,313037,0.3483956772879545,251,242,249,321026,0.3572870641395199,253,240,249,322074,0.35845343958331016,261,238,243,327758,0.36477946823073754,235,255,252,311697,0.3469043193731845,234,245,263,308603,0.3434608407252006,245,246,251,317358,0.3532047500862539
0.8500000238418579,1.0,0.949999988079071,0.5,0.5,0.5,725,0.48333333333333334,298,245,182,353787,0.3937485392483111,242,242,242,310012,0.3450289924430446,253,230,242,315357,0.35097772979710856,248,237,240,313223,0.3486026866701539,262,222,241,320219,0.35638891052965466,248,252,225,316613,0.3523755996037885,241,244,240,309443,0.34439572180610123,234,253,238,305987,0.34054935393039587,233,256,236,305831,0.3403757331582286,233,249,243,304361,0.33873969126665254,235,245,245,305025,0.33947869250203117,240,232,253,305801,0.34034234454819645
0.8999999761581421,0.8999999761581421,1.0,0.5,0.5,0.5,697,0.4646666666666667,278,255,164,333009,0.3706235879400341,232,232,232,292562,0.3256079509410023,226,231,240,287937,0.3204605402277103,230,237,230,292347,0.32536866590243846,226,248,223,291473,0.3243959443968348,258,218,221,309611,0.3445826980222813,225,225,247,285777,0.3180565603053945,233,233,231,293801,0.3269869005353307,234,223,240,292265,0.3252774037016839,243,225,229,299709,0.3335622308043316,248,229,220,304511,0.3389066343168134,228,237,232,290799,0.3236458136247788
0.949999988079071,0.949999988079071,0.8999999761581421,0.5,0.5,0.5,678,0.452,263,250,165,315530,0.3511702707816274,226,226,226,282284,0.3141690131439828,233,230,215,288550,0.3211427808260342,245,221,212,295885,0.3293062959788984,237,218,223,289006,0.3216502876985231,217,225,236,275101,0.30617466694861495,212,236,230,273508,0.304401731755907,232,221,225,285823,0.31810775617411047,227,213,238,280081,0.31171717621395423,223,233,222,281425,0.3132129859433952,235,231,212,290305,0.3230960145129158,231,241,206,289169,0.32183169914636456
0.949999988079071,0.949999988079071,1.0,0.5,0.5,0.5,678,0.452,263,250,165,315530,0.3511702707816274,226,226,226,282284,0.3141690131439828,234,212,232,285256,0.31747671144450257,220,230,228,278488,0.3099442410212463,228,225,225,283615,0.3156503544757432,213,233,232,273685,0.3045987245550968,228,222,228,282952,0.31491246619403235,219,220,239,275534,0.30665657588674583,216,223,239,273887,0.30482354119598,241,214,223,291158,0.324045363991497,202,238,238,266156,0.2962192963906913,213,237,228,274477,0.3054801838599459
1.0,0.8999999761581421,0.8500000238418579,0.5,0.5,0.5,635,0.42333333333333334,226,245,164,275019,0.30608340474786033,212,212,212,258862,0.28810141233820435,233,202,200,272783,0.30359484034679635,221,209,205,264993,0.294924931275111,218,200,217,260727,0.29017707092853723,207,210,218,254363,0.28309423378704746,206,222,207,255905,0.2848104083427007,203,216,216,252461,0.28097739591100823,218,207,210,262253,0.29187543822550666,193,220,222,245477,0.2732045274955204,208,217,210,256523,0.2854982137093633,216,205,214,260279,0.28967846768539024
1.0,1.0,1.0,0.5,0.5,0.5,626,0.41733333333333333,226,234,166,271208,0.30184193832010775,209,209,209,253945,0.2826290191539326,202,225,199,251219,0.2795951074556766,212,212,202,256632,0.28561952565914683,203,224,199,251826,0.2802706703319941,214,201,211,255947,0.28485715239674575,232,190,204,267404,0.2976082625680293,216,205,205,258335,0.287514885755306,204,211,211,250247,0.2785133164906345,207,232,187,256202,0.28514095558201913,208,204,214,251936,0.28039309523544537,224,206,196,264732,0.2946344503678312
1.0,1.0,1.0,0.5,0.5,0.5,626,0.41733333333333333,226,234,166,271208,0.30184193832010775,209,209,209,253945,0.2826290191539326,203,215,208,250233,0.27849773513928616,199,217,210,247505,0.27546159753369465,206,206,214,250800,0.27912877986889406,203,211,212,249473,0.27765189035180465,216,216,194,260480,0.28990217137260577,203,217,206,250601,0.27890730208901404,212,196,218,253304,0.281915615852912,207,206,213,251574,0.2799902060077239,214,209,203,257595,0.28669130004117926,205,206,215,250026,0.2782673537300642
1.0,1.0,1.0,0.5,0.5,0.5,626,0.41733333333333333,226,234,166,271208,0.30184193832010775,209,209,209,253945,0.2826290191539326,208,220,198,255008,0.28381208890273896,221,199,206,260933,0.29040633938409144,201,208,217,247334,0.27527128245651133,213,204,209,255806,0.28470022592959454,215,195,216,255401,0.2842494796941603,204,212,210,250440,0.2787281165485081,220,193,213,258815,0.28804910351582064,201,201,224,245885,0.2736586125919578,199,215,212,247137,0.27505203058396677,219,210,197,261662,0.291217682607873
1.0,1.0,1.0,0.5,0.5,0.5,626,0.41733333333333333,226,234,166,271208,0.30184193832010775,209,209,209,253945,0.2826290191539326,200,213,213,247535,0.27549498614372686,200,215,211,247911,0.27591345672279666,216,196,214,256400,0.2853613204082314,215,203,208,257145,0.2861904708906968,213,196,217,254078,0.28277704199174186,207,214,205,253142,0.28173531735873836,216,198,212,256844,0.28585547183670745,210,216,200,255836,0.2847336145396267,211,211,204,255665,0.2845432994624434,200,204,222,245744,0.27350168612480663
1.0,1.0,1.0,0.5,0.5,0.5,626,0.41733333333333333,226,234,166,271208,0.30184193832010775,209,209,209,253945,0.2826290191539326,202,221,203,250539,0.2788382989616142,215,201,210,256721,0.2857185785355756,213,212,201,257406,0.28648095179797667,218,213,195,261467,0.29100065664266395,216,202,208,257708,0.28681706380563377,219,208,199,261266,0.2907769529554485,213,202,211,255386,0.28423278538914426,206,203,217,250179,0.27843763564122825,207,208,211,251978,0.2804398392894904,218,202,206,259256,0.28853991608329344
1.0,1.0,1.0,0.5,0.5,0.5,626,0.41733333333333333,226,234,166,271208,0.30184193832010775,209,209,209,253945,0.2826290191539326,217,200,209,258054,0.2872021457746714,211,203,212,254049,0.2827447663353775,214,196,216,254852,0.2836384681305717,220,185,221,256911,0.28593003973244596,204,215,207,251007,0.279359161278116,202,199,225,246227,0.27403924274632446,200,215,211,247911,0.27591345672279666,211,207,208,254873,0.2836618401575942,187,221,218,238929,0.26591690687916664,213,193,220,253397,0.28201912054401174
1.0,1.0,1.0,0.5,0.5,0.5,626,0.41733333333333333,226,234,166,271208,0.30184193832010775,209,209,209,253945,0.2826290191539326,209,217,200,255245,0.28407585892199305,196,211,219,244055,0.27162190737999575,207,215,204,253329,0.2819434396946055,213,207,206,256421,0.28538469243525394,195,209,222,242889,0.2703242034034123,206,220,200,253460,0.2820892366250793,204,217,205,251375,0.2797687282278439,209,210,207,253922,0.2826034212195746,208,202,216,251516,0.27992565469499503,214,205,207,256787,0.2857920334776463
1.0,1.0,1.0,0.5,0.5,0.5,626,0.41733333333333333,226,234,166,271208,0.30184193832010775,209,209,209,253945,0.2826290191539326,205,205,216,249821,0.27803919822817774,198,216,212,246548,0.2743965008736686,195,218,213,244590,0.27221733759223604,216,196,214,256400,0.2853613204082314,202,216,208,249644,0.27784220542898797,190,208,228,238820,0.2657955949293831,217,211,198,260309,0.2897118562954224,204,227,195,253095,0.28168300853635464,198,221,207,247443,0.2753925944062949,205,198,223,248330,0.2763797843095792
1.0,1.0,1.0,0.5,0.5,0.5,626,0.41733333333333333,226,234,166,271208,0.30184193832010775,209,209,209,253945,0.2826290191539326,210,212,204,255084,0.2838966733814871,219,194,213,258270,0.287442543766903,214,207,205,257195,0.2862461185740838,218,200,208,258828,0.28806357191350124,203,212,211,249666,0.27786669040967826,212,208,206,255848,0.2847469699836396,219,206,201,260862,0.29032731967368197,216,207,203,258743,0.28796897085174344,197,210,219,244634,0.2722663075536165,199,215,212,247137,0.27505203058396677
1.0,1.0,1.0,0.5,0.5,0.5,626,0.41733333333333333,226,234,166,271208,0.30184193832010775,209,209,209,253945,0.2826290191539326,217,196,213,257174,0.28622274654706126,221,203,202,261789,0.2913590277236759,202,210,214,248504,0.27657343824776576,213,199,214,254741,0.2835149302734527,205,197,224,248109,0.2761338215490089,225,195,206,263141,0.2928637410824587,205,206,215,250026,0.2782673537300642,197,211,218,244829,0.2724833335188256,220,204,202,261224,0.29073020890140344,210,213,203,255275,0.28410924753202527
1.0,1.0,1.0,0.5,0.5,0.5,626,0.41733333333333333,226,234,166,271208,0.30184193832010775,209,209,209,253945,0.2826290191539326,189,220,217,240302,0.26744499226497204,221,190,215,258890,0.28813257504090106,194,202,230,240680,0.2678656887513773,199,214,213,246950,0.2748439082480996,205,219,202,252509,0.2810308176870597,200,211,215,247151,0.27506761193531515,202,234,190,252632,0.28116771098819154,212,220,194,258104,0.28725779345805835,196,224,206,246408,0.2742406873601852,208,193,225,249527,0.27771198984986256
1.0,1.0,1.0,0.5,0.5,0.5,626,0.41733333333333333,226,234,166,271208,0.30184193832010775,209,209,209,253945,0.2826290191539326,194,224,208,244860,0.27251783508252553,209,208,209,253526,0.28216269156715007,229,206,191,268602,0.2989415810619804,207,209,210,252177,0.2806613170693704,211,213,202,256049,0.2849706736708551,204,205,217,249047,0.2771777720893479,203,213,210,249857,0.27807926456021637,200,203,223,245535,0.2732690788082492,226,206,194,266280,0.29635730264549087,204,216,206,251192,0.2795650577066477
1.0,1.0,1.0,0.5,0.5,0.5,626,0.41733333333333333,226,234,166,271208,0.30184193832010775,209,209,209,253945,0.2826290191539326,214,213,199,258371,0.2875549520873446,219,205,202,260657,0.29009916417179554,220,207,199,261839,0.2914146754070628,204,203,219,248631,0.2767147833635686,206,214,206,252368,0.2808738912199085,192,202,232,239132,0.2661428364737176,214,187,225,252755,0.2813046042893234,209,204,213,252710,0.2812545213742752,205,203,218,249405,0.2775762095023984,207,223,196,254753,0.2835282857174656
1.0,1.0,1.0,0.5,0.5,0.5,626,0.41733333333333333,226,234,166,271208,0.30184193832010775,209,209,209,253945,0.2826290191539326,191,202,233,238358,0.2652814103348878,211,207,208,254873,0.2836618401575942,199,219,208,247865,0.27586226085408067,202,210,214,248504,0.27657343824776576,209,198,219,251426,0.27982548886489855,220,215,191,263391,0.29314197949939347,195,216,215,244226,0.2718122224571791,203,213,210,249857,0.27807926456021637,200,222,204,249164,0.27730798766847337,201,222,203,249938,0.2781694138073032
1.0,1.0,1.0,0.5,0.5,0.5,626,0.41733333333333333,226,234,166,271208,0.30184193832010775,209,209,209,253945,0.2826290191539326,213,207,206,256421,0.28538469243525394,219,202,205,260030,0.28940134222212327,210,213,203,255275,0.28410924753202527,200,209,217,246759,0.2746313340975615,189,218,219,239946,0.267048780759257,200,218,208,248460,0.2765244682863852,196,221,209,245895,0.2736697421286352,193,211,222,241733,0.26903762896350625,201,213,212,248309,0.2763564122825567,210,214,202,255464,0.28431959577522786
1.0,1.0,1.0,0.5,0.5,0.5,626,0.41733333333333333,226,234,166,271208,0.30184193832010775,209,209,209,253945,0.2826290191539326,207,212,207,252762,0.2813123949649976,221,191,214,259125,0.28839411915281965,213,214,199,257786,0.2869038741917174,209,216,201,255062,0.28387218840079687,201,222,203,249938,0.2781694138073032,191,226,209,242870,0.2703030572837253,227,197,202,265137,0.29508519660326543,205,219,202,252509,0.2810308176870597,211,217,198,256793,0.2857987111996528,199,215,212,247137,0.27505203058396677
1.0,1.0,1.0,0.5,0.5,0.5,626,0.41733333333333333,226,234,166,271208,0.30184193832010775,209,209,209,253945,0.2826290191539326,188,228,210,240872,0.2680793758555831,211,205,210,254465,0.2832077550611568,205,201,220,248981,0.2771043171472772,202,223,201,250883,0.2792211550233164,201,202,223,246098,0.2738956717231862,224,200,202,263472,0.2932321287464803,215,210,201,258566,0.28777197805255367,200,216,210,248096,0.2761193531513283,216,207,203,258743,0.28796897085174344,201,207,218,247133,0.2750475787692958
