thr_fib_0,thr_fib_1,thr_fib_2,thr_opfib_0,thr_opfib_1,thr_opfib_2,num_nodes_coll,reduction_nodes,num_colors_l1,num_colors_l2,num_colors_l3,num_params_coll,reduction_pars_coll,num_L1_pruned,num_L2_pruned,num_L3_pruned,num_params_pruned,reduction_pars_pruned,num_L1_pfp,num_L2_pfp,num_L3_pfp,num_params_pfp,reduction_pars_pfp,num_params_ed,reduction_pars_ed,num_L1_abl_0,num_L2_abl_0,num_L3_abl_0,num_params_abl_0,reduction_pars_abl_0,num_L1_abl_1,num_L2_abl_1,num_L3_abl_1,num_params_abl_1,reduction_pars_abl_1,num_L1_abl_2,num_L2_abl_2,num_L3_abl_2,num_params_abl_2,reduction_pars_abl_2,num_L1_abl_3,num_L2_abl_3,num_L3_abl_3,num_params_abl_3,reduction_pars_abl_3,num_L1_abl_4,num_L2_abl_4,num_L3_abl_4,num_params_abl_4,reduction_pars_abl_4,num_L1_abl_5,num_L2_abl_5,num_L3_abl_5,num_params_abl_5,reduction_pars_abl_5,num_L1_abl_6,num_L2_abl_6,num_L3_abl_6,num_params_abl_6,reduction_pars_abl_6,num_L1_abl_7,num_L2_abl_7,num_L3_abl_7,num_params_abl_7,reduction_pars_abl_7,num_L1_abl_8,num_L2_abl_8,num_L3_abl_8,num_params_abl_8,reduction_pars_abl_8,num_L1_abl_9,num_L2_abl_9,num_L3_abl_9,num_params_abl_9,reduction_pars_abl_9
0.0,0.0,0.0,1.0,1.0,1.0,1500,1.0,500,500,500,898510,1.0,500,500,500,898510,1.0,285,290,287,393062,0.43745979454875294,2759882,3.071620794426328,500,500,500,898510,1.0,500,500,500,898510,1.0,500,500,500,898510,1.0,500,500,500,898510,1.0,500,500,500,898510,1.0,500,500,500,898510,1.0,500,500,500,898510,1.0,500,500,500,898510,1.0,500,500,500,898510,1.0,500,500,500,898510,1.0
0.4500000178813934,0.6000000238418579,0.3499999940395355,1.0,1.0,1.0,1331,0.8873333333333333,495,352,484,738869,0.8223269635285083,444,444,444,748150,0.8326562865187922,271,272,243,355498,0.3956528029738122,2359402,2.6259051095702888,441,450,440,747935,0.8324170014802283,438,445,448,743483,0.8274621317514552,450,440,441,750591,0.8353730064217426,440,444,447,744599,0.8287041880446517,451,444,436,753113,0.83817987557178,445,436,450,744941,0.8290848181990184,447,449,435,752157,0.8371158918654217,444,443,444,747261,0.8316668707081725,428,444,459,735311,0.8183670743786936,442,443,446,745713,0.8299440184305127
0.4000000059604645,0.7000000476837158,0.2000000029802322,1.0,1.0,1.0,1218,0.812,499,233,486,626809,0.697609375521697,406,406,406,653264,0.7270525648017273,249,242,250,319225,0.3552826345839223,2104062,2.3417235200498605,414,396,408,655396,0.7294253820213464,401,405,412,648997,0.7223035915014858,399,408,411,648634,0.7218995893200966,398,413,407,649795,0.7231917285283413,406,408,404,654052,0.7279295722919055,414,400,404,657044,0.73125952966578,414,393,411,654139,0.7280263992609988,398,409,411,648251,0.7214733280653527,400,403,415,647423,0.720551802428465,407,413,398,656761,0.7309445637778099
0.4500000178813934,0.75,0.2000000029802322,1.0,1.0,1.0,1125,0.75,495,176,454,560779,0.6241210448409032,375,375,375,580135,0.6456633760336558,227,245,228,292433,0.32546437991786403,1901775,2.1165874614639795,369,371,385,574015,0.6388520995870942,360,373,392,567791,0.6319250759590879,383,365,377,582577,0.648381208890274,382,371,372,584077,0.6500506393918821,374,378,373,580447,0.6460106175779903,375,370,380,578285,0.6436044117483389,367,385,373,577493,0.6427229524434898,374,380,371,581161,0.6468052664967557,388,371,366,588721,0.6552191962248611,373,360,392,572887,0.6375966878498848
0.550000011920929,0.7000000476837158,0.2000000029802322,1.0,1.0,1.0,1074,0.716,439,179,456,510025,0.5676341943884876,358,358,358,541664,0.6028469354820759,226,229,214,280763,0.3124762106153521,1790274,1.992492014557434,361,367,346,547037,0.6088268355388365,360,357,357,542863,0.6041813669296947,359,351,364,539953,0.6009426717565748,351,360,363,536938,0.5975871164483423,353,355,366,536741,0.5973678645757977,349,371,354,539053,0.5999410134556098,355,353,366,537577,0.5982982938420274,355,363,356,541057,0.6021713726057584,367,358,349,548630,0.6105997707315445,368,362,344,550780,0.6129926211171829
0.0,0.8999999761581421,0.0,1.0,1.0,1.0,1056,0.704,500,56,500,454066,0.5053544200954915,352,352,352,528362,0.5880424257938142,238,235,226,298601,0.332329078140477,1751728,1.9495921024807736,354,337,365,524555,0.5838054111807326,352,347,357,526627,0.5861114511802874,351,341,364,523705,0.5828594005631546,349,354,353,526720,0.5862149558713871,355,349,352,529649,0.589474797164194,346,352,358,523718,0.5828738689608352,360,350,346,533866,0.5941681227810486,352,346,358,526274,0.5857185785355755,350,363,343,530455,0.5903718378203915,364,339,353,533035,0.5932432582831577
0.6499999761581421,0.6000000238418579,0.2000000029802322,1.0,1.0,1.0,938,0.6253333333333333,295,180,463,373298,0.41546337825956303,313,313,313,445409,0.4957195801938765,219,219,201,266335,0.2964185150972165,1478034,1.6449833613426672,324,311,303,452991,0.5041579949026722,324,325,289,457079,0.5087077494963884,317,308,313,446646,0.49709630388086945,312,302,324,440868,0.4906656575886746,307,325,306,443921,0.49406350513628117,302,324,312,439772,0.48944586036883286,318,300,320,444860,0.4951085686302879,317,312,309,447878,0.49846746279952364,322,306,310,449888,0.5007044996716786,309,319,310,443765,0.4938898843641139
0.6499999761581421,0.6499999761581421,0.3000000119209289,1.0,1.0,1.0,779,0.5193333333333333,295,148,336,328817,0.36595808616487296,260,260,260,342430,0.3811087244438014,177,183,195,209359,0.23300686692412995,1105454,1.2303190838165408,269,257,253,348369,0.3877185562765022,253,251,275,334419,0.3721928526115458,269,247,263,345719,0.38476922905699434,268,240,271,342971,0.3817108323780481,257,269,253,341997,0.3806268155056705,257,274,248,343127,0.38188445315021535,261,267,251,344627,0.3835538836518236,274,249,256,350135,0.38968403245372896,248,270,261,335261,0.37312995959978185,257,261,261,340085,0.37849884809295387
0.7000000476837158,0.550000011920929,0.3000000119209289,1.0,1.0,1.0,766,0.5106666666666667,218,174,374,278436,0.3098863674305239,255,255,255,333295,0.37094189268900735,192,185,191,223871,0.2491580505503556,1094938,1.2186152630465994,265,253,248,340805,0.37930017473372585,259,252,255,335910,0.37385226653014436,267,259,240,343817,0.3826523911809551,249,257,260,329405,0.3666125029215034,258,255,253,335883,0.3738222167811154,250,264,252,331824,0.36930473784376355,256,265,245,336695,0.3747259351593193,270,247,249,343139,0.3818978085942282,250,261,255,331131,0.36853346095202055,239,255,272,321177,0.35745512014334846
0.7000000476837158,0.6499999761581421,0.1500000059604644,1.0,1.0,1.0,774,0.516,218,108,448,248104,0.2761282567806702,258,258,258,338764,0.3770286362978709,182,197,191,218659,0.2433573360341009,1101556,1.2259807904196949,248,262,264,332000,0.3695006176892856,254,255,265,334915,0.3727448776307442,251,268,255,335726,0.3736474830552804,244,263,267,329143,0.3663209090605558,271,258,245,348826,0.38822717610265883,261,252,261,339562,0.3779167733247265,262,260,252,342352,0.3810219140577178,266,253,255,343691,0.38251215901882,261,255,258,340333,0.3787748606025531,265,245,264,340789,0.379282367475042
0.7000000476837158,0.75,0.1000000014901161,1.0,1.0,1.0,712,0.4746666666666667,218,52,442,210374,0.23413651489688483,237,237,237,301237,0.3352628240086365,168,176,170,193424,0.21527195022871198,1031660,1.1481897808594228,223,247,242,292829,0.32590510957028856,236,238,238,300938,0.33493005086198263,215,259,238,288989,0.32163136748617155,217,248,247,288392,0.3209669341465315,261,219,232,315633,0.35128490500940446,229,242,241,296408,0.3298883707471258,250,215,247,306047,0.3406161311504602,239,213,260,296985,0.3305305450134111,231,246,235,298812,0.3325639113643699,235,247,230,302117,0.3362422232362467
0.7000000476837158,0.8500000238418579,0.050000000745058,1.0,1.0,1.0,688,0.45866666666666667,218,29,441,195131,0.21717176213954212,229,229,229,287405,0.31986844887647325,164,170,166,186846,0.20795094100232608,1001670,1.1148123003639359,227,234,227,287172,0.3196091306718901,234,224,230,290390,0.3231906155746736,231,232,225,289844,0.3225829428720882,229,224,235,286520,0.3188834848805244,213,244,231,278336,0.30977507206375,240,232,216,296810,0.3303357781215568,243,236,209,299972,0.3338549376189469,224,245,219,287039,0.3194611078340809,231,227,230,288749,0.3213642586059142,238,228,222,294390,0.3276424302456289
0.75,0.6499999761581421,0.1500000059604644,1.0,1.0,1.0,653,0.43533333333333335,146,72,435,161309,0.17952944318928002,218,218,218,268804,0.29916639770286363,159,161,155,177245,0.19726547283836574,959768,1.068177315778344,226,213,214,273707,0.30462320953578703,209,222,222,262421,0.2920624144416868,207,221,225,260673,0.2901169714304794,227,213,213,274481,0.30548463567461687,224,201,228,269411,0.2998419605791811,217,217,219,267593,0.29781861081123195,217,232,204,270503,0.3010573059843519,214,231,208,268001,0.29827269590766936,229,199,225,272795,0.3036081957908092,212,221,220,264543,0.29442410212462855
0.75,0.75,0.1000000014901161,1.0,1.0,1.0,617,0.41133333333333333,146,42,429,143531,0.15974335288421943,206,206,206,249064,0.27719669230169947,165,156,162,182485,0.2030973500573171,906078,1.0084228333574474,204,204,209,246905,0.2747938253330514,203,199,215,245111,0.27279718645312795,206,193,218,246143,0.2739457546382344,202,203,212,245157,0.27284838232184394,211,192,214,249791,0.2780058096181456,219,200,198,257703,0.2868114990372951,192,214,211,239507,0.26656019409911963,220,192,205,256757,0.28575864486761415,216,202,199,255791,0.2846835316245785,190,210,217,237227,0.26402265973667516
0.800000011920929,0.6499999761581421,0.1000000014901161,1.0,1.0,1.0,645,0.43,109,58,478,124937,0.13904909238628396,215,215,215,263815,0.2936138718545147,153,173,161,176381,0.1963038808694394,950642,1.0580205006065597,216,207,222,262885,0.2925788249435176,212,224,209,263257,0.29299284370791645,214,213,218,262627,0.292291682897241,213,212,220,261643,0.291196536488186,211,207,227,259015,0.2882716942493684,207,216,222,257827,0.2869495052920947,200,223,222,253781,0.28244649475242345,207,217,221,258029,0.2871743219329779,219,221,205,268105,0.2983884430891142,219,208,218,265427,0.29540795316690965
0.800000011920929,0.75,0.1000000014901161,1.0,1.0,1.0,501,0.334,109,37,355,106685,0.11873546204271516,167,167,167,188887,0.21022247943818098,134,130,133,141503,0.15748628284604513,721331,0.8028079821037051,169,154,178,188225,0.2094857041101379,161,167,173,184243,0.20505392260520194,180,170,151,199411,0.22193520383746423,150,188,163,178585,0.19875683075313574,169,170,162,190897,0.212459516310336,163,174,164,186841,0.20794537623398737,177,173,151,197533,0.21984507684945076,181,158,162,198229,0.22061969260219697,169,182,150,192565,0.21431592302812433,169,166,166,190277,0.21176948503633794
0.800000011920929,0.800000011920929,0.1500000059604644,1.0,1.0,1.0,394,0.26266666666666666,109,32,253,99974,0.11126642997851999,131,131,131,138739,0.15441007890841504,112,112,110,114116,0.12700582074768227,559114,0.6222679769841182,129,140,125,138350,0.15397713993166465,124,140,130,134480,0.14967000923751544,147,129,118,151017,0.16807492404091218,119,142,133,130814,0.14558992109158495,127,145,122,137297,0.15280519971953568,146,131,117,150491,0.16748951041168156,130,140,124,139124,0.15483856607049448,115,144,135,127914,0.1423623554551424,133,133,128,140669,0.15655807948715095,117,132,145,128166,0.1426428197794126
0.8500000238418579,0.6000000238418579,0.2000000029802322,1.0,1.0,1.0,417,0.278,68,51,298,75385,0.08390001224249034,139,139,139,149435,0.1663142313385494,121,113,106,121925,0.13569687593905466,593208,0.6602130193320052,122,150,145,137575,0.15311460083916706,132,140,145,144145,0.16042670643621107,132,142,143,144395,0.16070494485314576,146,133,138,154043,0.17144272183948983,138,129,150,147271,0.1639057996015626,133,136,148,144395,0.16070494485314576,144,147,126,154273,0.17169870118306974,139,142,136,149813,0.16673492782495464,138,153,126,150271,0.16724466060477902,151,137,129,158461,0.1763597511435599
0.8500000238418579,0.4000000059604645,0.7000000476837158,1.0,1.0,1.0,258,0.172,68,128,62,70840,0.07884163782261744,86,86,86,83344,0.09275801048402355,73,79,74,69821,0.07770753803519159,352200,0.3919822817776096,86,76,96,82484,0.09180087032976818,91,80,87,86722,0.09651756797364526,85,86,87,82570,0.09189658434519371,100,78,80,93508,0.10407007156292084,92,78,88,87316,0.09717866245228211,91,84,83,87058,0.0968915204060055,87,89,82,84337,0.09386317347608819,89,86,83,85666,0.09534228890051308,82,84,92,80092,0.08913868515653693,87,80,91,83626,0.09307186341832589
0.8500000238418579,0.4500000178813934,0.75,1.0,1.0,1.0,211,0.14066666666666666,68,100,43,65063,0.07241210448409033,70,70,70,65600,0.07300976060366607,62,63,63,57311,0.06378448765177906,282878,0.31483010762261965,68,76,67,64463,0.07174433228344704,63,77,71,60641,0.0674906233653493,67,69,75,63297,0.07044662830686359,55,76,80,54401,0.06054579247865911,73,76,62,68333,0.07605146297759624,75,62,74,68999,0.07679269012031029,70,66,75,65421,0.07281054189714083,65,81,65,62361,0.06940490367386005,66,74,71,62813,0.069907958731678,71,68,72,66329,0.07382110382744766
0.8500000238418579,0.6000000238418579,0.6000000238418579,1.0,1.0,1.0,166,0.11066666666666666,68,51,47,59823,0.06658022726513896,55,55,55,49895,0.055530823251828024,50,49,52,44879,0.04994824765445015,225378,0.250835271727638,61,51,54,54405,0.06055024429333007,50,59,57,46259,0.051484123715929704,55,51,60,49761,0.05538168746035103,58,60,48,52488,0.05841671211227477,45,62,59,42494,0.04729385315689308,59,53,54,52961,0.058943139197115225,59,54,53,53010,0.05899767392683443,54,50,62,48932,0.05445904886979555,52,51,63,47439,0.0527974090438615,61,51,54,54405,0.06055024429333007
0.8999999761581421,0.3000000119209289,0.800000011920929,1.0,1.0,1.0,237,0.158,43,147,47,47659,0.053042258850764044,79,79,79,75455,0.08397791899923206,71,67,71,66107,0.07357402811320965,320089,0.3562442265528486,78,87,72,75169,0.08365961425025877,88,85,64,82799,0.0921514507351059,83,72,82,78019,0.08683153220331438,79,75,83,75163,0.08365293652825233,77,84,76,74227,0.0826112118952488,95,84,58,88159,0.09811688239418594,74,79,84,71585,0.07967078830508285,84,81,72,79459,0.08843418548485826,80,89,68,76819,0.0854959878020278,76,70,91,72431,0.0806123471079899
0.8999999761581421,0.3499999940395355,0.800000011920929,1.0,1.0,1.0,194,0.12933333333333333,43,122,29,42990,0.04784587817609153,65,65,65,60265,0.06707215278627951,55,64,63,51494,0.05731043616654238,261020,0.29050316635318474,67,56,71,61170,0.06807937585558313,66,74,54,61368,0.06829974068179542,73,63,58,66269,0.07375432660738333,64,61,69,59183,0.06586793691778611,64,69,61,59615,0.06634873290224928,72,59,63,65247,0.07261688795895427,67,69,58,61937,0.0689330113187388,57,63,74,53885,0.05997150838610588,70,55,69,63419,0.07058240865432772,64,58,72,58988,0.06565091095257704
0.949999988079071,0.050000000745058,1.0,1.0,1.0,1.0,432,0.288,20,398,14,29794,0.033159341576610164,144,144,144,156250,0.17389901058418938,125,120,117,128582,0.14310580850519192,615806,0.6853635463155668,147,131,154,156661,0.17435643454163002,141,140,151,153376,0.17070038174310803,153,135,144,161929,0.1802194744632781,147,144,141,158572,0.1764832890006789,145,145,142,157157,0.17490845956082848,129,136,167,143504,0.15971330313519047,147,142,143,158300,0.17618056560305395,143,148,141,155996,0.17361632035258373,151,133,148,160073,0.17815383245595487,142,142,148,154430,0.17187343490890475
0.949999988079071,0.1500000059604644,0.949999988079071,1.0,1.0,1.0,244,0.16266666666666665,20,210,14,23214,0.025836106442888782,81,81,81,77689,0.08646425749296056,72,69,77,67727,0.07537701305494653,331292,0.3687126464925265,87,84,73,82632,0.09196558747259352,85,78,81,80652,0.08976193921047067,79,73,92,75593,0.08413150660538002,77,83,84,74825,0.08327675818855661,82,89,73,79067,0.08799790764710465,78,87,79,75855,0.08442310046632759,80,77,87,76703,0.0853668851765701,92,74,78,85742,0.09542687337926122,89,66,89,82668,0.09200565380463212,65,97,82,66293,0.07378103749540907
0.949999988079071,0.3499999940395355,0.7000000476837158,1.0,1.0,1.0,143,0.09533333333333334,20,86,37,21105,0.02348888715762763,48,48,48,42874,0.047716775550633826,47,44,46,41547,0.046239886033544425,196658,0.2188712423901793,40,51,52,36725,0.04087322344770787,42,50,51,38241,0.04256046120799991,47,44,52,41877,0.04660716074389823,46,46,51,41189,0.04584144862049393,57,41,45,49473,0.05506115680404225,50,39,54,43949,0.04891320074345305,48,51,44,42917,0.0477646325583466,52,47,44,45873,0.051054523600182526,57,34,52,49067,0.05460929761494029,48,42,53,42557,0.04736396923796062
1.0,0.0,1.0,1.0,1.0,1.0,520,0.3466666666666667,6,500,14,15374,0.017110549687816497,173,173,173,197749,0.22008547484168234,140,136,141,149813,0.16673492782495464,750624,0.8354097338927781,160,183,177,189411,0.21080566716007612,173,171,176,197601,0.219920757698857,182,174,164,205062,0.22822450501385627,192,164,164,211082,0.2349244860936439,178,162,180,199878,0.22245495320029826,187,176,157,209252,0.23288778088168188,196,172,152,215570,0.23991942215445572,159,169,192,186425,0.20748238750820802,173,171,176,197601,0.219920757698857,172,163,185,195419,0.21749229279585092
1.0,0.050000000745058,0.949999988079071,1.0,1.0,1.0,180,0.12,6,157,17,8675,0.009654873067634195,60,60,60,55030,0.061245840335666824,56,55,55,50735,0.05646570433272863,242314,0.2696842550444625,58,74,48,53986,0.06008391670654751,49,71,60,46945,0.052247609931998534,53,58,69,49508,0.055100110182413106,69,59,52,61945,0.06894191494808072,62,58,60,56474,0.06285294543188168,57,63,60,52849,0.05881848838632848,54,61,65,50435,0.05613181823240698,56,66,58,52198,0.05809395554863051,60,54,66,54694,0.06087188790330659,58,56,66,53266,0.05928259006577556
1.0,0.050000000745058,1.0,1.0,1.0,1.0,174,0.116,6,157,11,7667,0.008533015770553471,58,58,58,52964,0.05894647805811844,54,53,56,48899,0.054422321398760166,235029,0.26157638757498525,54,55,65,49715,0.05533049159163504,64,52,58,57284,0.06375443790275011,60,61,53,54647,0.060819579080922864,69,62,43,61654,0.06861804543076871,52,65,57,48607,0.05409733892778044,58,61,55,53099,0.05909672680326318,67,51,56,59545,0.06627082614550757,49,63,62,46213,0.05143292784721372,57,60,57,52282,0.05818744365672057,56,60,58,51508,0.05732601751789073
1.0,0.1000000014901161,0.949999988079071,1.0,1.0,1.0,107,0.07133333333333333,6,90,11,6461,0.007190793647260465,36,36,36,31294,0.034828772078218384,34,34,36,29510,0.032843262734972345,149117,0.16596031207220843,29,26,52,25479,0.02835694650031719,35,36,36,30473,0.03391503711700482,42,29,36,35667,0.03969571846724021,32,34,41,28097,0.031270659202457404,33,35,39,28899,0.032163248043983926,25,41,41,22833,0.025412071095480295,42,32,33,35775,0.039815917463356,41,25,41,34721,0.038642864297559296,45,28,34,37949,0.04223547873702018,38,30,39,32609,0.036292306151294924
1.0,0.1500000059604644,0.949999988079071,1.0,1.0,1.0,82,0.05466666666666667,6,65,11,6011,0.0066899644967779994,27,27,27,22987,0.025583465960312073,26,27,26,22137,0.024637455342734083,114870,0.12784498781315734,19,28,35,16850,0.01875326930139898,22,36,24,19236,0.021408776752623787,27,25,30,22985,0.025581240052976593,26,26,30,22232,0.02474318594116927,28,25,29,23759,0.026442666191806435,31,24,27,26058,0.029001346673937965,25,29,28,21509,0.02393852043939411,29,26,27,24554,0.02732746435765879,23,25,34,19889,0.022135535497657233,31,20,31,25946,0.028876695863151218
0.0,0.0,0.0,0.7,0.7,0.7,1500,1.0,500,500,500,898510,1.0,500,500,500,898510,1.0,284,293,266,387319,0.4310681016349289,2759882,3.071620794426328,500,500,500,898510,1.0,500,500,500,898510,1.0,500,500,500,898510,1.0,500,500,500,898510,1.0,500,500,500,898510,1.0,500,500,500,898510,1.0,500,500,500,898510,1.0,500,500,500,898510,1.0,500,500,500,898510,1.0,500,500,500,898510,1.0
0.4000000059604645,0.6000000238418579,0.550000011920929,0.7,0.7,0.7,1265,0.8433333333333334,499,385,381,735101,0.8181333541084684,422,422,422,692512,0.7707337703531402,255,256,253,333272,0.3709162947546494,2208045,2.4574517812823453,423,411,431,688211,0.7659469566281956,418,425,422,690207,0.7681684121490022,411,426,428,685193,0.7625880624589598,428,427,410,698753,0.7776797141934981,422,423,420,692489,0.7707081724187822,434,415,416,698441,0.7773324726491636,416,423,426,687845,0.7655396155858032,420,410,435,685455,0.7628796563199074,419,431,415,693375,0.7716942493683988,418,416,431,686481,0.7640215467830074
0.4500000178813934,0.7000000476837158,0.3499999940395355,0.7,0.7,0.7,1149,0.766,496,258,395,623851,0.6943172585725256,383,383,383,598639,0.6662574707014947,234,252,235,304725,0.3391448064017095,1953667,2.1743408531902815,386,379,384,599453,0.6671634149870341,373,383,393,590899,0.6576432093131963,375,398,376,597817,0.6653426227866134,371,386,392,590461,0.6571557356067267,382,381,386,597115,0.6645613293118607,380,379,390,594809,0.661994858154055,384,384,381,599785,0.6675329156047234,386,373,390,597131,0.6645791365705446,381,381,387,596341,0.663699903173031,374,401,374,598063,0.6656164093888771
0.4000000059604645,0.800000011920929,0.25,0.7,0.7,0.7,1092,0.728,499,193,400,569825,0.6341888237192685,364,364,364,555110,0.6178117104984919,240,231,229,299499,0.33332851053410645,1829983,2.0366862917496746,358,360,374,549034,0.6110494040133109,373,371,348,564505,0.6282679102068981,359,379,354,556325,0.6191639492047946,368,347,377,551899,0.6142380162713826,357,355,380,546425,0.6081457078941803,359,371,362,553669,0.6162079442632803,359,364,369,551240,0.6135045798043427,361,360,371,551356,0.6136336824298004,365,374,353,559324,0.6225016972543433,359,363,370,550885,0.6131094812522955
0.4500000178813934,0.8999999761581421,0.2000000029802322,0.7,0.7,0.7,964,0.6426666666666667,496,131,337,502331,0.5590711288689052,321,321,321,461929,0.5141055747849217,219,221,214,270193,0.30071229034735286,1507464,1.6777375877842204,332,317,315,469511,0.5225439894937174,315,322,327,457928,0.5096526471602987,310,329,325,456179,0.5077060911954235,321,316,327,460676,0.5127110438392449,333,319,312,470921,0.5241132541652291,315,329,320,460049,0.5120132218895728,326,310,328,462578,0.5148278817152842,326,325,313,467363,0.5201533650154144,336,317,311,472607,0.5259896940490367,306,333,325,454251,0.5055603165240231
0.6499999761581421,0.6000000238418579,0.25,0.7,0.7,0.7,994,0.6626666666666666,327,231,436,437985,0.4874570121645836,331,331,331,482939,0.5374887313441141,217,226,209,269156,0.2995581573939077,1540364,1.7143537634528274,343,322,329,489590,0.5448909861882449,345,333,316,494757,0.5506416177894514,311,337,346,469697,0.5227509988759168,324,338,332,480068,0.534293441364036,323,333,338,477729,0.5316902427351949,331,326,337,481646,0.5360496822517279,327,349,318,485657,0.5405137394130283,327,330,337,479862,0.5340641729084818,321,338,335,477746,0.5317091629475464,332,333,329,484695,0.5394430779846635
0.6499999761581421,0.7000000476837158,0.25,0.7,0.7,0.7,879,0.586,327,171,381,382135,0.42529854982137094,293,293,293,405229,0.45100110182413106,206,207,193,246643,0.27450223147210384,1261746,1.4042648384547751,300,289,290,409499,0.4557534139853758,295,297,287,407893,0.45396601039498724,303,292,284,412685,0.45929928437079165,303,302,274,415435,0.46235990695707335,287,299,293,402247,0.44768227398693394,282,302,295,399181,0.4442699580416467,298,288,293,407659,0.4537055792367364,281,298,300,397331,0.44221099375632994,293,289,297,404081,0.44972343101356693,294,286,299,403973,0.4496032320174511
0.6499999761581421,0.800000011920929,0.2000000029802322,0.7,0.7,0.7,823,0.5486666666666666,327,122,374,346463,0.385597266585792,274,274,274,368540,0.4101679447084618,198,199,198,236621,0.26334820981402546,1142806,1.2718901292139209,279,262,282,369371,0.4110928092063527,273,273,277,367785,0.40932766468931897,269,267,287,363051,0.40405894202624343,272,272,279,366743,0.40816796696753516,278,273,272,371655,0.4136347953834682,271,288,264,370017,0.411811777275712,284,281,258,378371,0.421109392216002,271,273,279,366237,0.4076048124116593,278,284,261,374471,0.4167688729118207,275,265,283,367133,0.4086020188979533
0.7000000476837158,0.75,0.25,0.7,0.7,0.7,723,0.482,272,129,322,293827,0.32701583733069195,241,241,241,308249,0.34306685512682106,169,177,180,196605,0.21881225584578914,1046519,1.164727159408354,225,257,241,299305,0.3331125975225651,239,256,228,309941,0.3449499727326351,234,252,237,305251,0.3397302200309401,231,250,242,302507,0.3366762751666648,228,251,244,300397,0.33432794292773593,248,250,225,315665,0.3513205195267721,247,232,244,310733,0.3458314320374843,253,241,229,317537,0.35340396879277913,245,248,230,312913,0.3482576710331549,239,257,227,310141,0.3451725634661829
0.7000000476837158,0.8500000238418579,0.1500000059604644,0.7,0.7,0.7,723,0.482,272,100,351,279791,0.31139441965030995,241,241,241,308249,0.34306685512682106,179,176,169,203808,0.2268288611145118,1046519,1.164727159408354,226,248,249,298207,0.33189057439538794,250,220,253,309923,0.34492993956661583,237,259,227,308987,0.3438882149336123,240,247,236,308825,0.3437079164394386,244,249,230,312355,0.34763664288655666,241,240,242,308017,0.34280864987590565,223,236,264,293137,0.3262478992999521,229,249,245,300745,0.334715250804109,250,251,222,317425,0.3532793179819924,250,235,238,313793,0.34923707026076506
0.75,0.800000011920929,0.1500000059604644,0.7,0.7,0.7,687,0.458,218,95,374,231589,0.2577478269579637,229,229,229,287405,0.31986844887647325,164,172,171,188423,0.2097060689363502,1000146,1.113116158974302,228,224,235,285511,0.31776051462977595,233,230,224,290719,0.3235567773313597,220,241,226,282923,0.3148801905376679,241,216,230,293677,0.3268488942805311,219,216,252,276649,0.3078975192262746,220,230,237,280657,0.31235823752657177,230,233,224,289039,0.3216870151695585,228,229,230,286631,0.3190070227376434,229,231,227,287839,0.3203514707682719,228,231,228,287065,0.3194900446294421
0.800000011920929,0.7000000476837158,0.25,0.7,0.7,0.7,584,0.3893333333333333,180,112,292,197498,0.2198061234710799,195,195,195,231475,0.2576209502398415,154,157,147,169931,0.18912532971252408,852028,0.9482676876161645,187,213,184,228065,0.2538257782328522,197,205,182,234557,0.2610510734438125,192,199,193,229667,0.25560873000856976,172,197,215,213831,0.23798399572625792,185,205,194,225269,0.25071395977785443,204,199,181,238955,0.26594584367452784,199,198,187,234908,0.26144172018118883,199,169,216,228905,0.25476065931375275,207,194,183,240372,0.2675228990217137,200,187,197,233603,0.2599893156447897
0.800000011920929,0.800000011920929,0.2000000029802322,0.7,0.7,0.7,588,0.392,180,101,307,193975,0.21588518769963608,196,196,196,233054,0.2593783040812011,149,157,147,165221,0.18388331793747426,858744,0.9557422844486984,191,198,199,229552,0.25548074033677975,200,184,204,233774,0.26017963072197303,198,190,200,233450,0.2598190337336257,188,205,195,228455,0.2542598301632703,210,198,180,244258,0.27184783697454673,196,194,198,232678,0.2589598335021313,185,193,210,223973,0.24927157182446494,193,196,199,230732,0.2567940256647116,193,199,196,231281,0.25740503722830016,199,192,197,234616,0.2611167377102091
0.800000011920929,0.949999988079071,0.1500000059604644,0.7,0.7,0.7,502,0.33466666666666667,180,65,257,172607,0.19210359372739313,167,167,167,188887,0.21022247943818098,137,137,129,145553,0.1619937452003873,723398,0.8051084573349212,179,161,162,197369,0.21966255244794158,161,162,179,183606,0.20434497111885233,177,156,169,194946,0.21696586571101045,159,158,185,181370,0.20185640671778834,158,170,174,182564,0.2031852733970685,176,168,158,196188,0.21834815416634207,175,163,164,194609,0.21659080032498246,175,157,170,193577,0.215442232139876,169,171,162,191229,0.21282901692802528,159,169,174,183185,0.20387641762473427
0.800000011920929,0.949999988079071,0.3499999940395355,0.7,0.7,0.7,406,0.27066666666666667,180,65,161,165311,0.18398348376757076,135,135,135,144055,0.16032654060611456,112,117,112,115487,0.1285316802261522,576985,0.6421575719802785,142,139,125,150107,0.16706213620326985,143,144,119,151446,0.16855238116437213,138,133,135,146267,0.16278839411915283,138,135,133,146523,0.16307331025809396,136,136,134,145100,0.16148957718890164,138,139,129,147011,0.1636164316479505,145,124,137,150434,0.16742607205262044,134,146,126,144692,0.16103549209246418,135,151,120,145961,0.16244783029682475,139,136,131,147422,0.16407385560539114
0.8500000238418579,0.8999999761581421,0.2000000029802322,0.7,0.7,0.7,460,0.30666666666666664,135,77,248,138281,0.15390034612859066,153,153,153,168769,0.18783207755061157,127,124,122,132047,0.14696219296390692,659097,0.7335444235456478,162,159,139,176727,0.19668896283847703,162,144,154,174522,0.19423490000111296,158,147,155,171903,0.191320074345305,148,162,150,166278,0.18505970996427418,136,162,162,156990,0.1747225962983161,160,153,147,174351,0.19404458492392962,165,149,146,177629,0.19769284704677745,162,154,144,176042,0.19592658957607595,155,155,150,170765,0.19005353307141823,144,153,163,161967,0.18026176670265218
0.8500000238418579,0.8500000238418579,0.5,0.7,0.7,0.7,361,0.24066666666666667,135,84,142,130899,0.14568452215334277,120,120,120,124450,0.13850708395009514,95,103,102,96101,0.10695596042336758,508718,0.566179563944753,116,128,117,122309,0.13612425014746637,105,135,121,114411,0.12733414207966523,118,120,123,123033,0.13693002860290926,128,122,111,130991,0.14578691389077472,119,117,125,123465,0.13741082458737242,128,119,114,130661,0.14541963918042092,135,114,112,135489,0.1507929794882639,105,122,134,113189,0.1259741126976884,127,112,122,129047,0.14362333196069046,120,116,125,124121,0.1381409221934091
0.8500000238418579,0.8999999761581421,0.6499999761581421,0.7,0.7,0.7,320,0.21333333333333335,135,77,108,125961,0.1401887569420485,107,107,107,108187,0.12040711845165886,89,93,86,87189,0.09703731733647929,446511,0.4969460551357247,114,98,108,112542,0.12525403167466137,93,101,126,96621,0.10753469633059176,104,99,117,104915,0.11676553405081747,99,111,110,102245,0.11379394775795483,107,113,100,108609,0.12087678489944463,111,101,108,110553,0.12304036682952889,109,103,108,109217,0.12155346072942984,97,103,120,99929,0.11121634706347175,117,105,98,115613,0.12867191238828726,105,118,97,107456,0.11959354932054178
0.8999999761581421,0.6499999761581421,0.6000000238418579,0.7,0.7,0.7,350,0.23333333333333334,102,111,137,108227,0.12045163659836841,117,117,117,120637,0.13426339161500705,99,97,100,98225,0.10931987401364482,492983,0.5486672379828827,114,113,123,117747,0.1310469555152419,101,124,125,108818,0.12110939221600205,100,129,121,108479,0.12073210092263859,124,112,114,125372,0.13953322723175035,126,112,112,126920,0.14125607950941002,107,122,121,113274,0.1260687137594462,129,120,101,130106,0.14480194989482587,111,122,117,116370,0.12951441831476557,119,118,113,122162,0.13596064595830876,111,111,128,115193,0.12820447184783698
0.8999999761581421,0.949999988079071,0.4000000059604645,0.7,0.7,0.7,337,0.22466666666666665,102,73,162,101207,0.11263870185084195,112,112,112,114362,0.12727960734994603,89,97,92,88541,0.09854203069526216,472426,0.525788249435176,105,114,118,109269,0.12161133432015225,121,111,105,121347,0.1350535887191016,112,104,121,113597,0.12642819779412584,112,115,110,114785,0.12775038675139955,117,109,111,118037,0.13136971207888615,118,110,109,118919,0.1323513372138318,106,125,106,111011,0.12355009960935326,120,104,113,119789,0.13331960690476455,118,115,104,119429,0.13291894358437858,105,121,111,109913,0.12232807648217604
0.949999988079071,0.4500000178813934,0.8500000238418579,0.7,0.7,0.7,297,0.198,74,143,80,81145,0.09031062536866591,99,99,99,98515,0.10964263057728907,92,90,85,89185,0.09925877285728595,412205,0.458765066610277,107,94,96,104237,0.11601095146409054,100,98,99,99199,0.11040389088602241,103,91,103,100835,0.11222468308644311,99,90,108,97633,0.10866100544234343,96,102,99,96451,0.10734549420707616,82,116,99,86581,0.09636064150649408,90,102,105,91807,0.10217693737409711,100,102,95,99547,0.11079119876239552,95,112,90,96407,0.10729652424569565,104,99,94,102385,0.11394976127143827
0.949999988079071,0.550000011920929,0.8999999761581421,0.7,0.7,0.7,287,0.19133333333333333,74,125,88,79443,0.08841637822617444,96,96,96,94954,0.10567940256647115,88,82,86,84386,0.09391770820580739,397162,0.4420229045864821,108,74,105,101781,0.11327753725612402,101,91,95,98267,0.10936661806768984,104,108,75,101915,0.11342667304760103,101,84,102,97553,0.10857196914892434,101,107,79,99531,0.1107733915037117,83,101,103,85185,0.0948069581863307,93,101,93,92925,0.1034212195746291,103,87,97,99419,0.11064874069292495,102,92,93,99135,0.11033266185128714,97,91,99,95171,0.10592091351237048
0.949999988079071,0.8999999761581421,0.550000011920929,0.7,0.7,0.7,233,0.15533333333333332,74,63,96,69929,0.07782773703130738,78,78,78,74344,0.08274142747437424,74,72,73,69559,0.07741594417424402,315890,0.35157093410201334,75,73,85,71573,0.07965743286107,72,84,77,69977,0.07788115880735885,73,75,85,70175,0.07810152363357113,82,73,78,76991,0.08568741583287888,77,90,66,74141,0.08251549787982326,69,89,75,67905,0.07557511880780403,74,75,84,70949,0.07896294977240098,63,81,89,62837,0.06993466961970374,75,83,75,72243,0.080403111818455,86,70,77,79847,0.08886601150794092
1.0,0.2000000029802322,0.949999988079071,0.7,0.7,0.7,248,0.16533333333333333,35,135,78,43733,0.04867280275122147,83,83,83,79939,0.08896840324537289,74,70,74,69344,0.07717665913568018,338310,0.3765233553327175,83,81,84,79697,0.0886990684577801,77,87,84,75473,0.08399795216525135,82,85,81,79211,0.08815817297525903,82,85,81,79211,0.08815817297525903,69,83,96,69009,0.07680381965698768,79,83,86,76749,0.08541808104528609,88,73,87,82895,0.09225829428720882,84,90,74,81074,0.09023160565825644,79,87,82,77021,0.08572080444291104,71,85,92,70697,0.07868248544813079
1.0,0.4000000059604645,0.75,0.7,0.7,0.7,228,0.152,35,96,97,41320,0.04598724555096771,76,76,76,72134,0.08028179986867147,69,71,70,64885,0.07221399873123281,307610,0.34235567773313597,77,78,73,73036,0.08128568407697187,65,77,86,63685,0.07087845432994624,66,87,75,64999,0.07234087544935504,84,78,66,78454,0.08731566704878076,68,76,84,65942,0.07339039075803275,69,75,84,66649,0.07417724900112409,75,75,78,71293,0.07934580583410313,77,68,83,72316,0.08048435743619993,79,83,66,74869,0.08332572814993712,79,69,80,73945,0.08229735896094646
1.0,0.4500000178813934,0.949999988079071,0.7,0.7,0.7,194,0.12933333333333333,35,91,68,37697,0.04195501441275,65,65,65,60265,0.06707215278627951,61,60,59,55804,0.062107266474496665,261020,0.29050316635318474,74,71,49,67443,0.0750609342133087,58,64,72,54716,0.06089637288399684,60,59,75,55959,0.062279774292996186,59,66,69,55598,0.06187799801894247,76,57,61,68207,0.07591123081546115,57,67,70,54101,0.06021190637833747,60,77,57,56823,0.06324136626192252,64,61,69,59183,0.06586793691778611,62,63,69,57755,0.06427863908025509,71,64,59,64778,0.07209491268878476
1.0,0.8999999761581421,0.6499999761581421,0.7,0.7,0.7,183,0.122,35,65,83,36133,0.0402143548764065,61,61,61,56069,0.062402199196447454,56,57,57,51095,0.0568663676531146,246356,0.2741828137694628,60,66,57,55525,0.06179675240119754,64,54,65,57985,0.06453461842383501,56,57,70,51979,0.05785021869539571,59,61,63,54521,0.06067934691878777,64,64,55,58535,0.06514674294109137,56,58,69,52037,0.05791477000812456,58,60,65,53695,0.05976004718923551,57,68,58,53281,0.05929928437079164,57,67,59,53243,0.059256992131417566,57,65,61,53161,0.059165729930662984
1.0,0.8999999761581421,0.949999988079071,0.7,0.7,0.7,169,0.11266666666666666,35,65,69,35069,0.0390301721739324,56,56,56,50914,0.05666492303925388,53,52,49,47510,0.05287642875427096,229416,0.2553293786379673,63,53,53,56249,0.06260253085664044,59,51,59,53043,0.05903440139786981,51,63,55,47391,0.052743987267810044,61,56,52,54851,0.06104662162914158,63,50,56,56081,0.062415554640460315,66,53,50,58571,0.06518680927312996,52,57,60,47931,0.053344982248389,56,57,56,51027,0.056790686803708364,56,58,55,51071,0.05683965676508887,66,42,61,57867,0.06440328989104184
1.0,0.8999999761581421,0.949999988079071,0.7,0.7,0.7,169,0.11266666666666666,35,65,69,35069,0.0390301721739324,56,56,56,50914,0.05666492303925388,51,48,54,45727,0.050892032364692655,229416,0.2553293786379673,65,52,52,57743,0.06426528363624222,59,57,53,53349,0.05937496522019788,62,56,51,55625,0.061908047767971416,56,61,52,51191,0.056973211205217526,57,57,55,51801,0.0576521129425382,62,56,51,55625,0.061908047767971416,55,58,56,50297,0.05597823062625903,63,45,61,55761,0.0620594094667839,70,52,47,61613,0.06857241433039142,49,64,56,45875,0.051056749507518005
1.0,0.8999999761581421,0.949999988079071,0.7,0.7,0.7,169,0.11266666666666666,35,65,69,35069,0.0390301721739324,56,56,56,50914,0.05666492303925388,51,49,50,45593,0.05074289657321566,229416,0.2553293786379673,61,58,50,54941,0.06114678745923807,55,58,56,50297,0.05597823062625903,58,54,57,52431,0.058353273753213655,53,61,55,48869,0.05438893278872801,51,55,63,47063,0.05237893846479171,54,61,54,49643,0.05525035892755784,57,56,56,51755,0.057600917073822214,52,61,56,48095,0.053527506649898166,73,50,46,63821,0.07102981602875873,55,53,61,50057,0.055711121746001714
1.0,0.8999999761581421,0.949999988079071,0.7,0.7,0.7,169,0.11266666666666666,35,65,69,35069,0.0390301721739324,56,56,56,50914,0.05666492303925388,52,50,52,46652,0.05192151450735106,229416,0.2553293786379673,50,63,56,46617,0.0518825611289802,53,63,53,48939,0.05446683954546972,57,55,57,51707,0.05754749529777076,48,55,66,44741,0.049794660048302186,61,48,60,54411,0.0605569220153365,64,46,59,56603,0.06299651645501998,50,71,48,46817,0.05210515186252796,46,64,59,43553,0.04847247109102848,53,51,65,48399,0.05386584456489076,51,61,57,47321,0.052666080511068324
0.0,0.0,0.0,0.5,0.5,0.5,1500,1.0,500,500,500,898510,1.0,500,500,500,898510,1.0,283,275,273,378343,0.42107822951330537,2759882,3.071620794426328,500,500,500,898510,1.0,500,500,500,898510,1.0,500,500,500,898510,1.0,500,500,500,898510,1.0,500,500,500,898510,1.0,500,500,500,898510,1.0,500,500,500,898510,1.0,500,500,500,898510,1.0,500,500,500,898510,1.0,500,500,500,898510,1.0
0.4000000059604645,0.6499999761581421,0.4500000178813934,0.5,0.5,0.5,1270,0.8466666666666667,499,363,408,725817,0.8078006922571813,423,423,423,694999,0.7735016861248066,265,263,247,345671,0.3847158072809429,2219617,2.4703308811254185,430,433,407,704891,0.784511023806079,420,420,430,691860,0.7700081245617745,439,413,418,703577,0.7830486026866702,421,430,419,696734,0.7754326607383335,415,433,422,693281,0.7715896317236314,425,426,419,698214,0.7770798321665869,423,429,418,697881,0.7767092185952299,427,421,422,697697,0.7765044351203659,432,424,414,702812,0.78219719313085,418,430,422,694412,0.7728483823218439
0.0,0.8999999761581421,0.3499999940395355,0.5,0.5,0.5,1083,0.722,500,264,319,612499,0.6816830085363547,361,361,361,548369,0.6103092898242646,231,232,228,290573,0.32339428609586984,1810017,2.014465058819601,384,346,353,560681,0.6240119753814649,348,364,371,539351,0.600272673648596,352,364,367,542447,0.6037183782039154,358,379,346,552041,0.6143960556922016,356,353,374,541627,0.6028057561963696,362,353,368,546271,0.6079743130293486,364,357,362,549271,0.611313174032565,346,368,369,539167,0.6000678901737321,366,358,359,551177,0.6134344637232751,359,370,354,549899,0.612012108935905
0.550000011920929,0.949999988079071,0.3000000119209289,0.5,0.5,0.5,971,0.6473333333333333,461,239,271,540063,0.601065096660026,324,324,324,468190,0.5210737776986344,217,231,208,271049,0.30166497868693726,1514044,1.685060822917942,324,327,320,468785,0.521735985130939,322,342,307,471617,0.5248878699179753,320,326,325,465381,0.517947490845956,327,325,319,470489,0.523632458180766,328,313,330,467387,0.5201800759034402,332,317,322,471807,0.5250993311148456,313,321,337,458393,0.5101701706157973,316,321,334,460715,0.5127544490322868,329,316,326,469157,0.5221500038953378,321,336,314,469145,0.522136648451325
0.6499999761581421,0.8500000238418579,0.550000011920929,0.5,0.5,0.5,928,0.6186666666666667,403,267,258,495957,0.551977162190738,309,309,309,437245,0.4866334264504569,212,207,194,252813,0.2813691556020523,1468352,1.63420774393162,313,302,313,438512,0.48804353874748196,315,306,307,441300,0.49114645357313774,297,308,323,427976,0.4763174589041858,309,311,308,438161,0.48765289201010564,317,316,295,445808,0.49616364870730434,305,314,309,435944,0.48518547372872867,317,302,309,441608,0.4914892433028013,309,310,309,437864,0.4873223447707872,297,328,303,433616,0.4825945175902327,313,305,310,439445,0.48908192451948224
0.75,0.800000011920929,0.4000000059604645,0.5,0.5,0.5,889,0.5926666666666667,350,263,276,442697,0.4927012498469689,296,296,296,411154,0.45759535230548354,217,206,188,256059,0.28498180320753247,1277662,1.421978609030506,296,301,292,412871,0.45950629375299107,300,304,285,416789,0.46386684622319174,312,269,308,415367,0.4622842261076671,289,293,307,405173,0.4509387764187377,284,281,324,397643,0.44255823530066446,298,298,293,413579,0.4602942649497501,289,319,281,412115,0.4586649007801805,293,304,292,411371,0.45783686325138284,297,304,288,414467,0.4612825678067022,287,304,298,406727,0.4526683064184038
0.75,1.0,0.6000000238418579,0.5,0.5,0.5,806,0.5373333333333333,350,239,217,412899,0.4595374564556878,269,269,269,359125,0.3996894859267009,202,205,181,239291,0.26631979610688805,1127838,1.2552314387152064,269,258,279,355886,0.39608462899689484,274,256,276,359192,0.39976405382243935,281,282,243,371318,0.4132597299974402,273,277,256,363941,0.405049470790531,267,274,265,358562,0.3990628930117639,256,268,282,348524,0.38789106409500174,274,271,261,363227,0.4042548218717655,263,267,276,353681,0.3936305661595308,266,270,270,356780,0.39707960957585337,275,264,267,362174,0.4030828816596365
0.800000011920929,0.949999988079071,0.8500000238418579,0.5,0.5,0.5,770,0.5133333333333333,330,247,193,390611,0.4347319451091251,257,257,257,336937,0.3749952699469121,184,183,179,213031,0.23709363279206686,1097666,1.2216514006521908,251,263,256,333465,0.37113109481252293,253,249,268,331541,0.36898977195579347,266,251,253,342123,0.3807670476678056,260,256,254,338744,0.37700637722451613,254,256,260,334100,0.3718378203915371,270,239,261,341979,0.3806067823396512,253,267,250,335933,0.37387786446450233,251,262,257,333230,0.37086955070060434,247,261,262,329897,0.36716007612603085,251,273,246,335705,0.3736241110282579
0.800000011920929,1.0,1.0,0.5,0.5,0.5,742,0.49466666666666664,330,247,165,383387,0.4266919678133799,247,247,247,318887,0.35490645624422656,182,188,177,212507,0.23651044507017172,1069464,1.190263881314621,257,243,242,325917,0.3627305205284304,253,248,241,324026,0.3606259251427363,254,239,249,322595,0.35903328844420207,245,240,257,315882,0.3515620304726714,256,241,245,324647,0.3613170693704021,247,249,246,319617,0.35571891242167586,253,239,250,321821,0.35817186230537224,239,248,255,313190,0.34856595919911854,268,237,237,332919,0.37052342210993755,261,235,246,326981,0.3639147032309045
0.8500000238418579,1.0,0.949999988079071,0.5,0.5,0.5,725,0.48333333333333334,298,245,182,353787,0.3937485392483111,242,242,242,310012,0.3450289924430446,169,183,173,197347,0.21963806746725134,1049190,1.1676998586548841,237,248,240,307239,0.34194277192240485,241,232,252,306575,0.3412037706870263,249,234,242,313265,0.34864943072419896,253,231,241,315611,0.3512604200287142,239,243,243,307667,0.3424191160921971,252,243,230,317729,0.353617655896985,256,232,237,318185,0.3541251627694739,248,239,238,313701,0.3491346785233331,247,232,246,311219,0.34637232752000535,239,243,243,307667,0.3424191160921971
0.8999999761581421,0.8999999761581421,1.0,0.5,0.5,0.5,697,0.4646666666666667,278,255,164,333009,0.3706235879400341,232,232,232,292562,0.3256079509410023,186,172,175,210209,0.23395287754170793,1013972,1.1285038563844587,240,236,221,299873,0.3337447552058408,237,240,220,298395,0.3320998096849228,234,227,236,293213,0.3263324837787003,242,220,235,297725,0.33135413072753783,218,250,229,285659,0.3179252317726013,227,227,243,287795,0.32030250080689143,225,245,227,290117,0.32288677922338094,232,222,243,290475,0.32328521663643145,237,232,228,296675,0.33018552937641205,233,232,232,293579,0.3267398248210927
0.949999988079071,0.949999988079071,0.8999999761581421,0.5,0.5,0.5,678,0.452,263,250,165,315530,0.3511702707816274,226,226,226,282284,0.3141690131439828,167,177,160,190921,0.21248622719836174,989180,1.1009115090538781,221,232,225,279674,0.3112642040711845,238,222,218,290692,0.32352672758233075,222,226,230,279188,0.3107233085886634,232,215,231,284431,0.31655852466861806,224,228,226,281164,0.31292250503611535,231,216,231,283894,0.3159608685490423,229,222,227,283726,0.3157738923328622,225,234,219,283174,0.31515954190827034,229,214,235,281870,0.31370825032553895,222,229,227,279827,0.3114344859823486
0.949999988079071,0.949999988079071,1.0,0.5,0.5,0.5,678,0.452,263,250,165,315530,0.3511702707816274,226,226,226,282284,0.3141690131439828,173,169,171,196001,0.2181400318304749,989180,1.1009115090538781,235,232,211,290510,0.3233241700148023,219,232,227,278126,0.3095413517935248,232,231,215,287983,0.3205117360964263,228,213,237,280855,0.31257860235278406,215,232,231,275030,0.3060956472382055,205,242,231,269230,0.2996405159653204,229,239,210,287245,0.31969037628963504,234,230,214,289324,0.32200420696486404,231,230,217,287002,0.31941992854837453,231,236,211,288214,0.320768828393674
1.0,0.8999999761581421,0.8500000238418579,0.5,0.5,0.5,635,0.42333333333333334,226,245,164,275019,0.30608340474786033,212,212,212,258862,0.28810141233820435,168,161,157,186103,0.20712401642719613,935855,1.041563254721706,206,213,216,254195,0.2829072575708673,204,202,229,250337,0.27861348232073097,202,223,210,252989,0.28156503544757433,199,208,228,247757,0.27574206185796485,203,216,216,252461,0.28097739591100823,207,210,218,254363,0.28309423378704746,207,217,211,255749,0.28463678757053346,225,195,215,264995,0.2949271571824465,211,222,202,259775,0.2891175390368499,194,227,214,247497,0.2754526939043528
1.0,1.0,1.0,0.5,0.5,0.5,626,0.41733333333333333,226,234,166,271208,0.30184193832010775,209,209,209,253945,0.2826290191539326,161,169,158,182213,0.20279462665969217,920791,1.0247977206708885,219,221,186,263697,0.2934825433217215,215,203,208,257145,0.2861904708906968,201,208,217,247334,0.27527128245651133,196,217,213,245183,0.27287731911720514,198,214,214,246176,0.2739824821092698,196,208,222,243464,0.27096415176236216,212,210,204,256244,0.28518769963606416,203,205,218,248273,0.27631634595051807,199,224,203,248730,0.2768249657766747,202,222,202,250712,0.27903083994613304
1.0,1.0,1.0,0.5,0.5,0.5,626,0.41733333333333333,226,234,166,271208,0.30184193832010775,209,209,209,253945,0.2826290191539326,153,164,158,173021,0.192564356545837,920791,1.0247977206708885,220,208,198,262040,0.2916383790942783,216,197,213,256623,0.28560950907613714,195,213,218,243665,0.27118785544957763,201,207,218,247133,0.2750475787692958,214,206,206,256992,0.2860201889795328,221,199,206,260933,0.29040633938409144,226,210,190,267080,0.2972476655796819,209,217,200,255245,0.28407585892199305,201,223,202,250109,0.2783597288844865,217,195,214,256949,0.28597233197182004
1.0,1.0,1.0,0.5,0.5,0.5,626,0.41733333333333333,226,234,166,271208,0.30184193832010775,209,209,209,253945,0.2826290191539326,160,153,160,176483,0.19641740214354877,920791,1.0247977206708885,197,228,201,247838,0.2758322111050517,208,202,216,251516,0.27992565469499503,208,217,201,254471,0.2832144327831632,208,201,217,251303,0.2796885955637667,213,224,189,259566,0.2888849317202925,210,210,206,254696,0.2834648473584045,201,213,212,248309,0.2763564122825567,207,204,215,251162,0.27953166909661553,215,206,205,257766,0.28688161511836263,211,206,209,254670,0.28343591056304324
1.0,1.0,1.0,0.5,0.5,0.5,626,0.41733333333333333,226,234,166,271208,0.30184193832010775,209,209,209,253945,0.2826290191539326,168,161,154,185587,0.2065497323346429,920791,1.0247977206708885,212,213,201,256823,0.28583209980968494,212,205,209,255239,0.28406918119998664,205,199,222,248549,0.27662352116281397,218,204,204,259676,0.28900735662374377,208,214,204,253916,0.2825967434975682,202,208,216,248108,0.27613270859534117,209,204,213,252710,0.2812545213742752,217,215,194,261069,0.2905577010829039,220,196,210,259496,0.28880702496355076,212,208,206,255848,0.2847469699836396
1.0,1.0,1.0,0.5,0.5,0.5,626,0.41733333333333333,226,234,166,271208,0.30184193832010775,209,209,209,253945,0.2826290191539326,174,161,157,191779,0.21344114144528165,920791,1.0247977206708885,224,213,189,266111,0.296169213475643,209,221,196,255957,0.2848682819334231,230,209,187,269979,0.30047411826245674,202,198,226,246008,0.27379550589308965,212,213,201,256823,0.28583209980968494,202,210,214,248504,0.27657343824776576,215,203,208,257145,0.2861904708906968,185,220,221,237206,0.26399928770965264,208,201,217,251303,0.2796885955637667,208,210,208,253148,0.28174199508074477
1.0,1.0,1.0,0.5,0.5,0.5,626,0.41733333333333333,226,234,166,271208,0.30184193832010775,209,209,209,253945,0.2826290191539326,151,161,157,170021,0.18922549554262055,920791,1.0247977206708885,203,216,207,250418,0.27870363156781786,189,222,215,240650,0.2678323001413451,203,220,203,251138,0.2795049582085898,201,206,219,246930,0.27482164917474483,224,201,201,263687,0.29347141378504416,219,186,221,256382,0.2853412872422121,206,214,206,252368,0.2808738912199085,199,212,215,246570,0.27442098585435887,205,221,200,252861,0.2814225773781037,196,205,225,242855,0.27028636297870917
1.0,1.0,1.0,0.5,0.5,0.5,626,0.41733333333333333,226,234,166,271208,0.30184193832010775,209,209,209,253945,0.2826290191539326,170,166,160,190166,0.21164594717921892,920791,1.0247977206708885,210,225,191,257411,0.28648651656631535,219,190,217,257342,0.2864097227632414,210,218,198,256200,0.2851387296746836,194,216,216,243452,0.2709507963183493,208,213,205,253727,0.28238639525436554,202,211,213,248699,0.2767904642129748,219,216,191,262802,0.29248644978909527,203,200,223,247218,0.27514217983105366,207,214,205,253142,0.28173531735873836,208,220,198,255008,0.28381208890273896
1.0,1.0,1.0,0.5,0.5,0.5,626,0.41733333333333333,226,234,166,271208,0.30184193832010775,209,209,209,253945,0.2826290191539326,167,165,157,186457,0.2075180020255757,920791,1.0247977206708885,204,205,217,249047,0.2771777720893479,214,204,208,256580,0.2855616520684244,211,211,204,255665,0.2845432994624434,196,235,195,248135,0.2761627583443701,204,210,212,250052,0.2782962905254254,204,200,222,247992,0.2760036059698835,211,217,198,256793,0.2857987111996528,207,217,202,253697,0.2823530066443334,202,219,205,250187,0.27844653927057017,210,217,199,256019,0.28493728506082294
1.0,1.0,1.0,0.5,0.5,0.5,626,0.41733333333333333,226,234,166,271208,0.30184193832010775,209,209,209,253945,0.2826290191539326,168,174,150,189046,0.21039943907135145,920791,1.0247977206708885,218,213,195,261467,0.29100065664266395,208,210,208,253148,0.28174199508074477,209,218,199,255426,0.2842773035358538,203,201,222,247433,0.27538146486961745,200,212,214,247344,0.2752824119931887,209,206,211,253122,0.28171305828538357,204,215,207,251007,0.279359161278116,206,208,212,251204,0.27957841315066057,213,216,197,258158,0.28731789295611626,203,208,215,248882,0.276994134734171
1.0,1.0,1.0,0.5,0.5,0.5,626,0.41733333333333333,226,234,166,271208,0.30184193832010775,209,209,209,253945,0.2826290191539326,157,164,157,176642,0.19659436177671924,920791,1.0247977206708885,213,200,213,254958,0.28375644121935206,228,192,206,264776,0.2946834203292117,224,198,204,263036,0.2927468809473462,201,215,210,248685,0.2767748828616265,211,205,210,254465,0.2832077550611568,218,210,198,260888,0.2903562564690432,208,207,211,252551,0.2810775617411047,224,199,203,263255,0.29299061780058094,195,218,213,244590,0.27221733759223604,215,219,192,260249,0.2896450790753581
1.0,1.0,1.0,0.5,0.5,0.5,626,0.41733333333333333,226,234,166,271208,0.30184193832010775,209,209,209,253945,0.2826290191539326,164,161,176,185587,0.2065497323346429,920791,1.0247977206708885,208,192,226,249296,0.2774548975526149,208,213,205,253727,0.28238639525436554,231,204,191,269738,0.3002058964285317,225,191,210,262221,0.29183982370813905,186,232,208,239948,0.2670510066665925,201,209,216,247533,0.27549276023639135,202,203,221,247083,0.2749919310859089,207,201,218,250529,0.27882716942493685,203,216,207,250418,0.27870363156781786,202,215,209,249459,0.2776363090004563
1.0,1.0,1.0,0.5,0.5,0.5,626,0.41733333333333333,226,234,166,271208,0.30184193832010775,209,209,209,253945,0.2826290191539326,156,146,152,169256,0.18837408598680036,920791,1.0247977206708885,202,206,218,247704,0.2756830753135747,207,207,212,251777,0.2802161356022749,211,204,211,254258,0.28297737365193487,208,214,204,253916,0.2825967434975682,224,199,203,263255,0.29299061780058094,217,196,213,257174,0.28622274654706126,196,207,223,243263,0.27074044807514663,201,225,200,250445,0.2787336813168468,223,203,200,263337,0.29308188000133556,208,214,204,253916,0.2825967434975682
1.0,1.0,1.0,0.5,0.5,0.5,626,0.41733333333333333,226,234,166,271208,0.30184193832010775,209,209,209,253945,0.2826290191539326,151,161,155,169677,0.18884263948091842,920791,1.0247977206708885,207,204,215,251162,0.27953166909661553,206,205,215,250595,0.2789006243670076,213,199,214,254741,0.2835149302734527,212,218,196,257748,0.28686158195234335,200,210,216,246956,0.2748505859701061,216,215,195,260295,0.2896962749440741,197,212,217,245022,0.2726981335766992,235,198,193,271550,0.30222256847447443,188,215,223,238623,0.2655763430568385,226,208,192,266684,0.2968069359272574
1.0,1.0,1.0,0.5,0.5,0.5,626,0.41733333333333333,226,234,166,271208,0.30184193832010775,209,209,209,253945,0.2826290191539326,161,161,159,179825,0.20013689330113188,920791,1.0247977206708885,203,214,209,250046,0.278289612803419,227,201,198,266009,0.29605569220153366,226,186,214,261800,0.291371270214021,206,199,221,249323,0.27748494730164386,203,218,205,250782,0.2791087467028748,207,192,227,248522,0.27659347141378504,216,197,213,256623,0.28560950907613714,200,212,214,247344,0.2752824119931887,213,203,210,255597,0.28446761861303715,207,218,201,253878,0.2825544512581941
1.0,1.0,1.0,0.5,0.5,0.5,626,0.41733333333333333,226,234,166,271208,0.30184193832010775,209,209,209,253945,0.2826290191539326,159,162,166,179463,0.19973400407341044,920791,1.0247977206708885,203,216,207,250418,0.27870363156781786,201,212,213,248118,0.27614383813201854,212,192,222,252392,0.28090060210793427,209,217,200,255245,0.28407585892199305,209,201,216,252077,0.2805500217025965,212,207,207,255647,0.2845232662964241,203,216,207,250418,0.27870363156781786,219,204,203,260450,0.2898687827625736,205,220,201,252686,0.28122781048624945,209,200,217,251862,0.28031073666403267
1.0,1.0,1.0,0.5,0.5,0.5,626,0.41733333333333333,226,234,166,271208,0.30184193832010775,209,209,209,253945,0.2826290191539326,162,170,160,183850,0.2046165318137806,920791,1.0247977206708885,217,201,208,258269,0.28744143081323525,230,205,191,269171,0.2995748516989238,196,218,212,245364,0.2730787637310659,212,213,201,256823,0.28583209980968494,212,199,215,253967,0.28265350413462287,218,203,205,259467,0.28877474930718633,192,212,222,241152,0.26839100288255,201,218,207,249234,0.27738589442521505,216,201,209,257495,0.2865800046744054,209,210,207,253922,0.2826034212195746
1.0,1.0,1.0,0.5,0.5,0.5,626,0.41733333333333333,226,234,166,271208,0.30184193832010775,209,209,209,253945,0.2826290191539326,157,165,157,176957,0.19694494218205696,920791,1.0247977206708885,203,208,215,248882,0.276994134734171,207,212,207,252762,0.2813123949649976,213,200,213,254958,0.28375644121935206,208,195,223,249983,0.27821949672235147,215,204,207,257354,0.2864230782072542,207,210,209,252374,0.28088056894191493,223,213,190,265337,0.2953077873368132,201,214,211,248498,0.2765667605257593,216,213,197,259919,0.2892778043650043,219,213,194,262241,0.2918620827814938
